case_id,family,refinement_level_id,n_electrodes,conductivity_pattern,contact_impedance_exact,drive_label,solver,formulation,truth_relative_l2,truth_max_abs,exact_reduced_scaled_backward_residual,voltage_gauge_relative_residual,reduced_condition_number_2_estimate,classic_robin_relative_l2
X01,range,Q0,16,uniform,1,adjacent,PyEIDORS/DOLFINx,classic,1.3032086527364565e-15,9.345317203799345e-15,4.5628231485871555e-17,6.823220871811818e-17,47.697807812864,7.120845370859045e-16
X01,range,Q0,16,uniform,1,adjacent,PyEIDORS/DOLFINx,robin_transconductance,1.4291676735987542e-15,1.0011451018574439e-14,4.1461400398838096e-17,1.3722035304554455e-16,47.697807812864,7.120845370859045e-16
X01,range,Q0,16,uniform,1,adjacent,NGSolve,classic,5.164183627234171e-15,3.5316307155908586e-14,3.346608907457746e-16,6.613077203285321e-17,47.697807812864,6.622413604423196e-16
X01,range,Q0,16,uniform,1,adjacent,NGSolve,robin_transconductance,5.13760176751985e-15,3.5316307155908586e-14,3.322362874740091e-16,1.1659400088481507e-16,47.697807812864,6.622413604423196e-16
X01,range,Q0,16,uniform,1,adjacent,EIDORS,classic,7.662251348964788e-16,5.257992905223916e-15,4.371167187866353e-17,1.8976507209051737e-16,47.697807812864,5.251086653575984e-16
X01,range,Q0,16,uniform,1,adjacent,EIDORS,robin_transconductance,8.708020350290783e-16,6.793013800892271e-15,4.1236954868475106e-17,1.1117092469795092e-16,47.697807812864,5.251086653575984e-16
X02,range,Q0,16,uniform,1,skip-4,PyEIDORS/DOLFINx,classic,2.7461125847423895e-15,2.6517099458159962e-14,8.821168787711871e-17,1.1874409295816192e-16,47.697807812864,1.022162266175801e-15
X02,range,Q0,16,uniform,1,skip-4,PyEIDORS/DOLFINx,robin_transconductance,2.9279433771996256e-15,2.9959241207034175e-14,7.925975716408788e-17,1.5769304403143377e-16,47.697807812864,1.022162266175801e-15
X02,range,Q0,16,uniform,1,skip-4,NGSolve,classic,8.503060087194629e-15,7.730132346220137e-14,3.150627260992755e-16,1.0514626104960025e-16,47.697807812864,1.083731781556795e-15
X02,range,Q0,16,uniform,1,skip-4,NGSolve,robin_transconductance,8.553163919374255e-15,8.795946449860287e-14,3.1762654572995605e-16,1.393144436337955e-16,47.697807812864,1.083731781556795e-15
X02,range,Q0,16,uniform,1,skip-4,EIDORS,classic,1.3584262351863029e-15,1.585895842175846e-14,5.687906616003098e-17,2.2136930705016741e-16,47.697807812864,7.755418224670667e-16
X02,range,Q0,16,uniform,1,skip-4,EIDORS,robin_transconductance,1.6298835927972563e-15,1.4860208072132046e-14,5.437455896133796e-17,1.6222430400375216e-16,47.697807812864,7.755418224670667e-16
X03,range,Q0,16,uniform,1,adjacent,PyEIDORS/DOLFINx,classic,1.350489115715739e-16,1.859558632122203e-15,8.601871158309917e-18,3.1777235322531e-17,17.276402760088622,2.6341387440467455e-16
X03,range,Q0,16,uniform,1,adjacent,PyEIDORS/DOLFINx,robin_transconductance,2.1924356287619634e-16,3.624874292364339e-15,1.4026494552260703e-17,1.3995311391814604e-16,17.276402760088622,2.6341387440467455e-16
X03,range,Q0,16,uniform,1,adjacent,NGSolve,classic,2.9994515467431092e-15,2.0158521910285592e-14,2.463739321152633e-16,3.484436751571717e-17,17.276402760088622,2.3345895280756103e-16
X03,range,Q0,16,uniform,1,adjacent,NGSolve,robin_transconductance,3.020293328594204e-15,2.0500264266666718e-14,2.533562959875578e-16,1.3967962051287412e-16,17.276402760088622,2.3345895280756103e-16
X03,range,Q0,16,uniform,1,adjacent,EIDORS,classic,5.173878614536544e-16,3.624249285466247e-15,4.2458790848863594e-17,6.843522053938163e-17,17.276402760088622,3.1198737832780894e-16
X03,range,Q0,16,uniform,1,adjacent,EIDORS,robin_transconductance,5.726099002156216e-16,7.17758797116484e-15,3.3654600260392273e-17,1.2832717740897312e-16,17.276402760088622,3.1198737832780894e-16
X04,range,Q0,16,uniform,1,skip-4,PyEIDORS/DOLFINx,classic,2.880124387417718e-16,3.682284415824088e-15,1.8260318947362063e-17,9.305751664145183e-17,17.276402760088622,3.295698859859386e-16
X04,range,Q0,16,uniform,1,skip-4,PyEIDORS/DOLFINx,robin_transconductance,2.818054748200553e-16,3.1840574591096407e-15,2.130748515288067e-17,1.781255740508964e-16,17.276402760088622,3.295698859859386e-16
X04,range,Q0,16,uniform,1,skip-4,NGSolve,classic,3.0598459709230065e-15,1.9908581453093615e-14,2.4489004069171467e-16,7.647077448975588e-17,17.276402760088622,3.0218822624306577e-16
X04,range,Q0,16,uniform,1,skip-4,NGSolve,robin_transconductance,3.003246044466745e-15,2.1684938292493865e-14,2.480632366846394e-16,1.9407889551857304e-16,17.276402760088622,3.0218822624306577e-16
X04,range,Q0,16,uniform,1,skip-4,EIDORS,classic,5.095950238075192e-16,3.921369898491361e-15,3.8273731249130173e-17,7.818421423951166e-17,17.276402760088622,3.0537613645843243e-16
X04,range,Q0,16,uniform,1,skip-4,EIDORS,robin_transconductance,6.151560517905584e-16,8.362261996991988e-15,3.558035631957162e-17,1.8896142258243637e-16,17.276402760088622,3.0537613645843243e-16
X05,range,Q0,16,uniform,1/32,adjacent,PyEIDORS/DOLFINx,classic,1.842586975142602e-15,3.989743281270237e-15,3.0405176044777974e-17,1.4906842246133774e-16,155.73495951658816,2.571884982582092e-15
X05,range,Q0,16,uniform,1/32,adjacent,PyEIDORS/DOLFINx,robin_transconductance,1.8277565658395e-15,3.416190019792805e-15,3.9855834635194485e-17,1.6413497800917906e-16,155.73495951658816,2.571884982582092e-15
X05,range,Q0,16,uniform,1/32,adjacent,NGSolve,classic,9.40813869194171e-14,6.613245028949443e-14,1.176434930314006e-15,1.537553129310461e-16,155.73495951658816,3.578819813228575e-15
X05,range,Q0,16,uniform,1/32,adjacent,NGSolve,robin_transconductance,9.566425176745327e-14,6.801982943135719e-14,1.1925573038301373e-15,2.2268818605154444e-16,155.73495951658816,3.578819813228575e-15
X05,range,Q0,16,uniform,1/32,adjacent,EIDORS,classic,2.8271842049711103e-15,3.279907893449314e-15,5.336375825445178e-17,3.4437162726161034e-16,155.73495951658816,3.1424943078257734e-15
X05,range,Q0,16,uniform,1/32,adjacent,EIDORS,robin_transconductance,2.8768056062398025e-15,6.353772596908573e-15,4.5072120966563113e-17,2.4010921323476966e-16,155.73495951658816,3.1424943078257734e-15
X06,range,Q0,16,uniform,1/32,skip-4,PyEIDORS/DOLFINx,classic,1.8597138389846426e-15,7.173618641805047e-15,3.7108799050051425e-17,1.297929812108474e-16,155.73495951658816,2.408925460627509e-15
X06,range,Q0,16,uniform,1/32,skip-4,PyEIDORS/DOLFINx,robin_transconductance,1.5339954616033682e-15,6.780852027411245e-15,4.2350601741851024e-17,1.867826211694151e-16,155.73495951658816,2.408925460627509e-15
X06,range,Q0,16,uniform,1/32,skip-4,NGSolve,classic,1.21868366861838e-13,2.2211279620923535e-13,1.2190327900134926e-15,1.46465036231761e-16,155.73495951658816,3.77993155236481e-15
X06,range,Q0,16,uniform,1/32,skip-4,NGSolve,robin_transconductance,1.23928518912349e-13,2.274418667274361e-13,1.2357632840646502e-15,1.9391720277896988e-16,155.73495951658816,3.77993155236481e-15
X06,range,Q0,16,uniform,1/32,skip-4,EIDORS,classic,3.0975840478555603e-15,1.1614510740305673e-14,4.452895095025122e-17,2.900175531986628e-16,155.73495951658816,2.5086367059766665e-15
X06,range,Q0,16,uniform,1/32,skip-4,EIDORS,robin_transconductance,2.7463942897402936e-15,1.2183113723902365e-14,4.9614523581686677e-17,1.1234266562921131e-16,155.73495951658816,2.5086367059766665e-15
X07,range,Q0,16,uniform,32,adjacent,PyEIDORS/DOLFINx,classic,1.5486259196127049e-16,6.238884132571056e-14,1.0873111344448531e-17,6.011450924080408e-17,16.64173432250919,2.6999848586026606e-16
X07,range,Q0,16,uniform,32,adjacent,PyEIDORS/DOLFINx,robin_transconductance,2.4242992846596594e-16,9.124775097963288e-14,2.0065260137282362e-17,1.7190869254339606e-16,16.64173432250919,2.6999848586026606e-16
X07,range,Q0,16,uniform,32,adjacent,NGSolve,classic,3.023867869946215e-15,6.192949847804673e-13,2.4921050155804355e-16,3.184560952395887e-17,16.64173432250919,2.7747090786896813e-16
X07,range,Q0,16,uniform,32,adjacent,NGSolve,robin_transconductance,2.9054284199547563e-15,6.761384036412753e-13,2.47405744880747e-16,1.3076648247073222e-16,16.64173432250919,2.7747090786896813e-16
X07,range,Q0,16,uniform,32,adjacent,EIDORS,classic,3.841750668346235e-16,8.342162040069268e-14,3.0910528440607727e-17,3.5636428801336085e-17,16.64173432250919,2.890503357357756e-16
X07,range,Q0,16,uniform,32,adjacent,EIDORS,robin_transconductance,3.9071401935488622e-16,1.402650392615007e-13,3.6646521906474625e-17,1.4556599291752255e-16,16.64173432250919,2.890503357357756e-16
X08,range,Q0,16,uniform,32,skip-4,PyEIDORS/DOLFINx,classic,2.410366971877902e-16,1.3575306875280012e-13,1.7505787081192328e-17,6.902886527915715e-17,16.64173432250919,3.0967978603440735e-16
X08,range,Q0,16,uniform,32,skip-4,PyEIDORS/DOLFINx,robin_transconductance,2.229473606195739e-16,9.214219820670986e-14,1.7809272775581995e-17,2.1411674358494677e-16,16.64173432250919,3.0967978603440735e-16
X08,range,Q0,16,uniform,32,skip-4,NGSolve,classic,3.015140450941759e-15,6.184005375533903e-13,2.4145509209563703e-16,7.832497296898179e-17,16.64173432250919,3.047767525634998e-16
X08,range,Q0,16,uniform,32,skip-4,NGSolve,robin_transconductance,2.874193380629276e-15,6.032113764377041e-13,2.4153418842318044e-16,2.0234119606584028e-16,16.64173432250919,3.047767525634998e-16
X08,range,Q0,16,uniform,32,skip-4,EIDORS,classic,3.7067150109196482e-16,1.0680976780611819e-13,2.975966140294487e-17,9.163439106403316e-17,16.64173432250919,3.127773939970498e-16
X08,range,Q0,16,uniform,32,skip-4,EIDORS,robin_transconductance,3.873455984613946e-16,1.352314772365222e-13,3.882552441840501e-17,2.4041919238462847e-16,16.64173432250919,3.127773939970498e-16
X09,range,Q2,16,uniform,1,adjacent,PyEIDORS/DOLFINx,classic,8.466174936914088e-16,1.0945554741744207e-14,3.9618905744759646e-17,4.8874724536582816e-17,41.57590588969947,7.96411228819752e-16
X09,range,Q2,16,uniform,1,adjacent,PyEIDORS/DOLFINx,robin_transconductance,9.291704625403743e-16,7.392841062943706e-15,3.556694326618169e-17,1.8697747902867857e-16,41.57590588969947,7.96411228819752e-16
X09,range,Q2,16,uniform,1,adjacent,NGSolve,classic,6.33925644743112e-15,4.760721711544352e-14,4.1859796603264097e-16,5.735823479412298e-17,41.57590588969947,1.0896178511816442e-15
X09,range,Q2,16,uniform,1,adjacent,NGSolve,robin_transconductance,5.7078204857981376e-15,5.137092709788366e-14,4.0451172599349825e-16,1.6958408074651477e-16,41.57590588969947,1.0896178511816442e-15
X09,range,Q2,16,uniform,1,adjacent,EIDORS,classic,1.6922314332652679e-15,9.791997059185942e-15,7.425088687446447e-17,1.5272618057928447e-16,41.57590588969947,5.533076472893535e-16
X09,range,Q2,16,uniform,1,adjacent,EIDORS,robin_transconductance,1.8542850947505118e-15,1.6274625259944956e-14,7.590613583570798e-17,2.484640718248201e-16,41.57590588969947,5.533076472893535e-16
X10,range,Q2,16,uniform,1,skip-4,PyEIDORS/DOLFINx,classic,1.4613360739270887e-15,1.889369641283356e-14,5.4076117465309045e-17,1.0440633390578902e-16,41.57590588969947,1.1845697109281137e-15
X10,range,Q2,16,uniform,1,skip-4,PyEIDORS/DOLFINx,robin_transconductance,1.9518331148987665e-15,1.8852481216972624e-14,7.476928348650277e-17,2.1810569575796605e-16,41.57590588969947,1.1845697109281137e-15
X10,range,Q2,16,uniform,1,skip-4,NGSolve,classic,1.1143406001922742e-14,1.1477575054458616e-13,4.450281817453954e-16,1.0209460954654746e-16,41.57590588969947,2.378381748838634e-15
X10,range,Q2,16,uniform,1,skip-4,NGSolve,robin_transconductance,9.158691244931336e-15,1.058939663475849e-13,3.9378101176721303e-16,1.8746039196742893e-16,41.57590588969947,2.378381748838634e-15
X10,range,Q2,16,uniform,1,skip-4,EIDORS,classic,4.053884797844084e-15,3.939837736881928e-14,1.580490178374965e-16,2.0432458906243982e-16,41.57590588969947,7.866616647956312e-16
X10,range,Q2,16,uniform,1,skip-4,EIDORS,robin_transconductance,4.1055581032792766e-15,3.661604961097513e-14,1.4572014347940383e-16,1.51485319975876e-16,41.57590588969947,7.866616647956312e-16
X11,range,Q2,16,uniform,1,adjacent,PyEIDORS/DOLFINx,classic,2.725813750184471e-16,2.501572172319807e-15,2.5947334283903702e-17,3.538883043221747e-17,17.178920970323716,3.3798798996685997e-16
X11,range,Q2,16,uniform,1,adjacent,PyEIDORS/DOLFINx,robin_transconductance,2.1154841011428442e-16,2.5356409231177287e-15,2.0314601651346468e-17,1.6725704096026674e-16,17.178920970323716,3.3798798996685997e-16
X11,range,Q2,16,uniform,1,adjacent,NGSolve,classic,2.9577159661090787e-15,2.0984777037678882e-14,2.581673250089815e-16,3.8894659099041986e-17,17.178920970323716,4.3942670226529093e-16
X11,range,Q2,16,uniform,1,adjacent,NGSolve,robin_transconductance,2.959619332949823e-15,2.0096598617978756e-14,2.4596071024205914e-16,1.8427910593182897e-16,17.178920970323716,4.3942670226529093e-16
X11,range,Q2,16,uniform,1,adjacent,EIDORS,classic,2.8421273338780077e-16,3.521365015117775e-15,2.18837577145217e-17,8.654367942547974e-17,17.178920970323716,2.3426300304477688e-16
X11,range,Q2,16,uniform,1,adjacent,EIDORS,robin_transconductance,3.575065603996641e-16,4.109387063376502e-15,3.7747872108516366e-17,1.9594319185194665e-16,17.178920970323716,2.3426300304477688e-16
X12,range,Q2,16,uniform,1,skip-4,PyEIDORS/DOLFINx,classic,3.4957790012742208e-16,4.454799255008454e-15,2.4491721242076887e-17,9.95996908635599e-17,17.178920970323716,4.559536663619152e-16
X12,range,Q2,16,uniform,1,skip-4,PyEIDORS/DOLFINx,robin_transconductance,2.7333096198881017e-16,3.512921809428649e-15,2.410651784791681e-17,1.9547414935518169e-16,17.178920970323716,4.559536663619152e-16
X12,range,Q2,16,uniform,1,skip-4,NGSolve,classic,2.963511429626252e-15,2.179479731987002e-14,2.5110462284511953e-16,7.501435286651749e-17,17.178920970323716,4.897672504572729e-16
X12,range,Q2,16,uniform,1,skip-4,NGSolve,robin_transconductance,2.9051925295352585e-15,2.0720604811629817e-14,2.391026491995376e-16,1.4168464000008625e-16,17.178920970323716,4.897672504572729e-16
X12,range,Q2,16,uniform,1,skip-4,EIDORS,classic,3.421351508652431e-16,3.592905566765104e-15,2.4142868476236917e-17,6.436107895305592e-17,17.178920970323716,3.7001239862101516e-16
X12,range,Q2,16,uniform,1,skip-4,EIDORS,robin_transconductance,3.845614235613289e-16,4.733393257027563e-15,2.820143093105249e-17,2.0197259379152673e-16,17.178920970323716,3.7001239862101516e-16
X13,range,Q2,16,uniform,1/32,adjacent,PyEIDORS/DOLFINx,classic,2.130362305478497e-15,6.042460037124365e-15,9.471960466979623e-17,9.919227740943513e-17,95.75447490199744,2.4732413283393607e-15
X13,range,Q2,16,uniform,1/32,adjacent,PyEIDORS/DOLFINx,robin_transconductance,2.6344381623778932e-15,5.577197289592614e-15,6.160270432881821e-17,1.8041748696731543e-16,95.75447490199744,2.4732413283393607e-15
X13,range,Q2,16,uniform,1/32,adjacent,NGSolve,classic,8.255825477568439e-14,7.83703996594193e-14,1.9803869434742546e-15,9.338368867395425e-17,95.75447490199744,4.543792606228974e-15
X13,range,Q2,16,uniform,1/32,adjacent,NGSolve,robin_transconductance,8.115465279501188e-14,7.715648107212793e-14,1.8852512798259605e-15,1.8994548543878934e-16,95.75447490199744,4.543792606228974e-15
X13,range,Q2,16,uniform,1/32,adjacent,EIDORS,classic,5.6132027864577874e-15,6.631983724997621e-15,1.4576222680949552e-16,1.8857122782796924e-16,95.75447490199744,3.381123962198449e-15
X13,range,Q2,16,uniform,1/32,adjacent,EIDORS,robin_transconductance,5.638304946570976e-15,7.434475125668097e-15,1.4064390994379205e-16,1.461895729203154e-16,95.75447490199744,3.381123962198449e-15
X14,range,Q2,16,uniform,1/32,skip-4,PyEIDORS/DOLFINx,classic,2.2660338249886983e-15,9.268683242350212e-15,8.079452475349623e-17,1.4054882393735991e-16,95.75447490199744,2.70347630123243e-15
X14,range,Q2,16,uniform,1/32,skip-4,PyEIDORS/DOLFINx,robin_transconductance,3.1266136079319336e-15,1.2381557314246114e-14,5.979303905664302e-17,1.73936302642525e-16,95.75447490199744,2.70347630123243e-15
X14,range,Q2,16,uniform,1/32,skip-4,NGSolve,classic,1.2207834707341902e-13,2.531201137489837e-13,2.0575313344228846e-15,1.1319997808464693e-16,95.75447490199744,5.3169815342415935e-15
X14,range,Q2,16,uniform,1/32,skip-4,NGSolve,robin_transconductance,1.1980205810711439e-13,2.522319353292836e-13,1.929575524017981e-15,1.7495798813339486e-16,95.75447490199744,5.3169815342415935e-15
X14,range,Q2,16,uniform,1/32,skip-4,EIDORS,classic,8.747462673465761e-15,2.6372496545276543e-14,1.5513760257066281e-16,2.3047624130175853e-16,95.75447490199744,3.0703132257696208e-15
X14,range,Q2,16,uniform,1/32,skip-4,EIDORS,robin_transconductance,7.846234611357841e-15,2.525688660801807e-14,1.7114839231489465e-16,1.3985027154546957e-16,95.75447490199744,3.0703132257696208e-15
X15,range,Q2,16,uniform,32,adjacent,PyEIDORS/DOLFINx,classic,3.4922021305392303e-16,1.50286807273652e-13,2.8342007843832554e-17,3.916000585478629e-17,16.594619368456467,3.9303314687449323e-16
X15,range,Q2,16,uniform,32,adjacent,PyEIDORS/DOLFINx,robin_transconductance,1.7957091672430714e-16,6.400912627187609e-14,1.7921178154639443e-17,1.8295345672495394e-16,16.594619368456467,3.9303314687449323e-16
X15,range,Q2,16,uniform,32,adjacent,NGSolve,classic,3.0731891365885023e-15,6.324433148799562e-13,2.5714674984637076e-16,4.8585736383850105e-17,16.594619368456467,2.475041516245713e-16
X15,range,Q2,16,uniform,32,adjacent,NGSolve,robin_transconductance,3.025803145864611e-15,6.455210567776602e-13,2.5803583200188927e-16,1.2905480139414579e-16,16.594619368456467,2.475041516245713e-16
X15,range,Q2,16,uniform,32,adjacent,EIDORS,classic,5.327562610885367e-16,1.490870697674224e-13,4.8708190607221293e-17,1.0022388828625548e-16,16.594619368456467,2.677600657312081e-16
X15,range,Q2,16,uniform,32,adjacent,EIDORS,robin_transconductance,5.121827617550603e-16,1.7769596399349212e-13,3.19007943371383e-17,1.4603873745276696e-16,16.594619368456467,2.677600657312081e-16
X16,range,Q2,16,uniform,32,skip-4,PyEIDORS/DOLFINx,classic,4.186622229366321e-16,1.730483232256915e-13,2.8307722200805453e-17,8.568271296060694e-17,16.594619368456467,4.79707508177735e-16
X16,range,Q2,16,uniform,32,skip-4,PyEIDORS/DOLFINx,robin_transconductance,2.270190631614355e-16,8.820233052032653e-14,2.0319816296563454e-17,1.6420809535716208e-16,16.594619368456467,4.79707508177735e-16
X16,range,Q2,16,uniform,32,skip-4,NGSolve,classic,3.0916294084966447e-15,6.608064905664923e-13,2.587163631480593e-16,9.40160816150993e-17,16.594619368456467,4.384590290841027e-16
X16,range,Q2,16,uniform,32,skip-4,NGSolve,robin_transconductance,3.1044406978113755e-15,7.133527816032203e-13,2.5887592436747937e-16,1.5760183700243163e-16,16.594619368456467,4.384590290841027e-16
X16,range,Q2,16,uniform,32,skip-4,EIDORS,classic,5.256624473380127e-16,1.4504574938113455e-13,4.1093102898502006e-17,1.0921536342448986e-16,16.594619368456467,2.158918455419538e-16
X16,range,Q2,16,uniform,32,skip-4,EIDORS,robin_transconductance,5.003568527043767e-16,1.7763743024962418e-13,3.0584329896681826e-17,1.458738767081316e-16,16.594619368456467,2.158918455419538e-16
X17,heterogeneous,Q0,16,left_right,1/8,adjacent,PyEIDORS/DOLFINx,classic,2.1892788028764446e-15,3.43610320243999e-15,4.225702672214864e-17,1.5115699171938631e-16,99.312920870883,1.0728806186565932e-15
X17,heterogeneous,Q0,16,left_right,1/8,adjacent,PyEIDORS/DOLFINx,robin_transconductance,1.951429595756071e-15,3.2438912095792722e-15,3.1341510288133184e-17,1.638801366245725e-16,99.312920870883,1.0728806186565932e-15
X17,heterogeneous,Q0,16,left_right,1/8,adjacent,NGSolve,classic,1.3853530302508017e-14,2.141990113182481e-14,3.0232396882088046e-16,9.698624543127446e-17,99.312920870883,9.923904890341758e-16
X17,heterogeneous,Q0,16,left_right,1/8,adjacent,NGSolve,robin_transconductance,1.3829736973530275e-14,2.1530923434287327e-14,3.079284856413015e-16,1.8519809634797986e-16,99.312920870883,9.923904890341758e-16
X17,heterogeneous,Q0,16,left_right,1/8,adjacent,EIDORS,classic,9.0303638943355e-16,1.319449024190925e-15,3.082769642664601e-17,3.0387681380368164e-16,99.312920870883,7.88882786502764e-16
X17,heterogeneous,Q0,16,left_right,1/8,adjacent,EIDORS,robin_transconductance,1.2767330882522747e-15,2.0058046877659908e-15,2.9708523573751865e-17,1.0209689099990837e-16,99.312920870883,7.88882786502764e-16
X18,heterogeneous,Q0,16,left_right,1/8,skip-4,PyEIDORS/DOLFINx,classic,3.580472252549913e-15,8.981618246178424e-15,6.987584013815413e-17,1.5232523962970647e-16,99.312920870883,1.4275249256216769e-15
X18,heterogeneous,Q0,16,left_right,1/8,skip-4,PyEIDORS/DOLFINx,robin_transconductance,3.0621616824246647e-15,7.986522152751246e-15,4.9028819512416163e-17,8.662867580240221e-17,99.312920870883,1.4275249256216769e-15
X18,heterogeneous,Q0,16,left_right,1/8,skip-4,NGSolve,classic,2.0752974681178792e-14,5.827131744477894e-14,2.9895527258950514e-16,1.0291755826998953e-16,99.312920870883,1.2306920452758671e-15
X18,heterogeneous,Q0,16,left_right,1/8,skip-4,NGSolve,robin_transconductance,2.060929745335518e-14,5.807585244118103e-14,3.019030291478349e-16,1.1562510290681302e-16,99.312920870883,1.2306920452758671e-15
X18,heterogeneous,Q0,16,left_right,1/8,skip-4,EIDORS,classic,1.3820789540732067e-15,3.901171934229834e-15,3.7224032427641584e-17,2.9513476620047344e-16,99.312920870883,1.0924313050106284e-15
X18,heterogeneous,Q0,16,left_right,1/8,skip-4,EIDORS,robin_transconductance,2.105460798711476e-15,5.238071484196738e-15,4.1084311514261785e-17,1.7693672450398243e-16,99.312920870883,1.0924313050106284e-15
X19,heterogeneous,Q0,16,left_right,1,adjacent,PyEIDORS/DOLFINx,classic,3.7753573661757496e-16,2.595414251307643e-15,1.7249395065830172e-17,5.857995908973915e-17,30.107904984612755,5.510744338927821e-16
X19,heterogeneous,Q0,16,left_right,1,adjacent,PyEIDORS/DOLFINx,robin_transconductance,4.463021728401251e-16,4.428797405986911e-15,2.40938179618589e-17,1.875910629986096e-16,30.107904984612755,5.510744338927821e-16
X19,heterogeneous,Q0,16,left_right,1,adjacent,NGSolve,classic,3.3538735690426482e-15,2.485690105908979e-14,2.5797745079394627e-16,4.6082310724200625e-17,30.107904984612755,3.42600259661535e-16
X19,heterogeneous,Q0,16,left_right,1,adjacent,NGSolve,robin_transconductance,3.349655142319262e-15,2.840961473789029e-14,2.5260548330283287e-16,1.2783264234585945e-16,30.107904984612755,3.42600259661535e-16
X19,heterogeneous,Q0,16,left_right,1,adjacent,EIDORS,classic,5.396188118126046e-16,4.0241156019069636e-15,4.0229150600059584e-17,1.3917754106684526e-16,30.107904984612755,2.764742054246147e-16
X19,heterogeneous,Q0,16,left_right,1,adjacent,EIDORS,robin_transconductance,5.837324498485123e-16,6.688650861007339e-15,4.0473476924017663e-17,1.8388257131307123e-16,30.107904984612755,2.764742054246147e-16
X20,heterogeneous,Q0,16,left_right,1,skip-4,PyEIDORS/DOLFINx,classic,9.578535820523793e-16,7.947706776898164e-15,3.993347392499171e-17,8.779213753464633e-17,30.107904984612755,1.1107016866572587e-15
X20,heterogeneous,Q0,16,left_right,1,skip-4,PyEIDORS/DOLFINx,robin_transconductance,7.295254973684627e-16,1.0591877953335122e-14,3.59226511288864e-17,1.5540822532797076e-16,30.107904984612755,1.1107016866572587e-15
X20,heterogeneous,Q0,16,left_right,1,skip-4,NGSolve,classic,4.42274880710763e-15,3.893714307020652e-14,2.5271756475216124e-16,8.63176745488093e-17,30.107904984612755,5.843467082436448e-16
X20,heterogeneous,Q0,16,left_right,1,skip-4,NGSolve,robin_transconductance,4.338012330744561e-15,4.1166612571772083e-14,2.4541033061148718e-16,9.686552531120903e-17,30.107904984612755,5.843467082436448e-16
X20,heterogeneous,Q0,16,left_right,1,skip-4,EIDORS,classic,7.15190123850855e-16,5.262807435134371e-15,4.2236897978229484e-17,1.3015727076133092e-16,30.107904984612755,4.550489083235258e-16
X20,heterogeneous,Q0,16,left_right,1,skip-4,EIDORS,robin_transconductance,7.09745176370225e-16,8.815521113934872e-15,4.473984139171053e-17,1.2533444882193398e-16,30.107904984612755,4.550489083235258e-16
X21,heterogeneous,Q2,16,left_right,1/8,adjacent,PyEIDORS/DOLFINx,classic,2.0549708164418143e-15,3.906218422633936e-15,3.531890881655944e-17,6.39916171386894e-17,89.31326985185329,1.385997751060039e-15
X21,heterogeneous,Q2,16,left_right,1/8,adjacent,PyEIDORS/DOLFINx,robin_transconductance,1.335319348731398e-15,2.495721025294157e-15,3.1615584985454696e-17,1.2692043898177608e-16,89.31326985185329,1.385997751060039e-15
X21,heterogeneous,Q2,16,left_right,1/8,adjacent,NGSolve,classic,1.5097818926969887e-14,3.0653154953044033e-14,3.5944894407970663e-16,1.1938212568199379e-16,89.31326985185329,4.357594281530732e-15
X21,heterogeneous,Q2,16,left_right,1/8,adjacent,NGSolve,robin_transconductance,1.380552168597579e-14,2.7100441274243532e-14,3.4220926429989115e-16,8.80526722443346e-17,89.31326985185329,4.357594281530732e-15
X21,heterogeneous,Q2,16,left_right,1/8,adjacent,EIDORS,classic,4.678015903257201e-15,9.290800092065945e-15,9.021211084974877e-17,2.141459222164471e-16,89.31326985185329,1.1756336128337338e-15
X21,heterogeneous,Q2,16,left_right,1/8,adjacent,EIDORS,robin_transconductance,4.509430354833372e-15,8.555477174393367e-15,8.89781419844225e-17,1.5736977087648604e-16,89.31326985185329,1.1756336128337338e-15
X22,heterogeneous,Q2,16,left_right,1/8,skip-4,PyEIDORS/DOLFINx,classic,3.685930706789142e-15,1.3659439437107309e-14,6.075776093545523e-17,1.6419485932718184e-16,89.31326985185329,2.283153040234425e-15
X22,heterogeneous,Q2,16,left_right,1/8,skip-4,PyEIDORS/DOLFINx,robin_transconductance,2.2986277539648146e-15,7.460795458419777e-15,5.3911120440062536e-17,1.4746681240482604e-16,89.31326985185329,2.283153040234425e-15
X22,heterogeneous,Q2,16,left_right,1/8,skip-4,NGSolve,classic,2.347847255794262e-14,8.698650698804358e-14,3.6126287342087885e-16,1.9690163847138705e-16,89.31326985185329,7.967959268050454e-15
X22,heterogeneous,Q2,16,left_right,1/8,skip-4,NGSolve,robin_transconductance,2.0667514901501345e-14,6.963388325876192e-14,3.3014356478020435e-16,1.4328564595526892e-16,89.31326985185329,7.967959268050454e-15
X22,heterogeneous,Q2,16,left_right,1/8,skip-4,EIDORS,classic,9.02943479594387e-15,2.6093937312909062e-14,1.734600613411112e-16,2.592957651282825e-16,89.31326985185329,1.1266327186143359e-15
X22,heterogeneous,Q2,16,left_right,1/8,skip-4,EIDORS,robin_transconductance,8.436932584025242e-15,2.387349126365875e-14,1.6440235918516167e-16,1.7886091730659928e-16,89.31326985185329,1.1266327186143359e-15
X23,heterogeneous,Q2,16,left_right,1,adjacent,PyEIDORS/DOLFINx,classic,4.0383551664283877e-16,4.828723414632376e-15,2.3042576274666857e-17,4.91567156690776e-17,29.910215031608043,4.843917915472557e-16
X23,heterogeneous,Q2,16,left_right,1,adjacent,PyEIDORS/DOLFINx,robin_transconductance,3.594897154869409e-16,4.343711548082212e-15,1.668181705076788e-17,1.384131722446535e-16,29.910215031608043,4.843917915472557e-16
X23,heterogeneous,Q2,16,left_right,1,adjacent,NGSolve,classic,3.313821400372486e-15,2.870534321044093e-14,2.508295515756272e-16,5.380866455830711e-17,29.910215031608043,6.151436261272244e-16
X23,heterogeneous,Q2,16,left_right,1,adjacent,NGSolve,robin_transconductance,3.3021523167657166e-15,2.7515929443868567e-14,2.531286813960393e-16,2.091134339444306e-16,29.910215031608043,6.151436261272244e-16
X23,heterogeneous,Q2,16,left_right,1,adjacent,EIDORS,classic,1.5927494558122483e-15,1.1685723928024745e-14,7.331224181272587e-17,1.3528842005358554e-16,29.910215031608043,4.0036207824436677e-16
X23,heterogeneous,Q2,16,left_right,1,adjacent,EIDORS,robin_transconductance,1.4683303071726626e-15,1.0686523205862104e-14,6.560370286168481e-17,1.237413535231147e-16,29.910215031608043,4.0036207824436677e-16
X24,heterogeneous,Q2,16,left_right,1,skip-4,PyEIDORS/DOLFINx,classic,7.271457127348077e-16,9.662057392210586e-15,4.122046220445038e-17,7.663780033378205e-17,29.910215031608043,1.007592375862523e-15
X24,heterogeneous,Q2,16,left_right,1,skip-4,PyEIDORS/DOLFINx,robin_transconductance,6.056189079514369e-16,7.0653017993503276e-15,2.6792392873489956e-17,2.0586403755341017e-16,29.910215031608043,1.007592375862523e-15
X24,heterogeneous,Q2,16,left_right,1,skip-4,NGSolve,classic,3.624825374055115e-15,4.001920486732427e-14,2.2900347267211775e-16,1.2149431953226052e-16,29.910215031608043,1.3744760384733803e-15
X24,heterogeneous,Q2,16,left_right,1,skip-4,NGSolve,robin_transconductance,3.259693202960763e-15,3.5562720909254286e-14,2.1748267514123844e-16,1.9603435354773854e-16,29.910215031608043,1.3744760384733803e-15
X24,heterogeneous,Q2,16,left_right,1,skip-4,EIDORS,classic,4.5129986970784426e-15,3.445486122569581e-14,2.1314952645527135e-16,1.5559140607162748e-16,29.910215031608043,6.709293471868357e-16
X24,heterogeneous,Q2,16,left_right,1,skip-4,EIDORS,robin_transconductance,4.024051108278655e-15,3.090214754689531e-14,1.8230755421460187e-16,1.5689577393123179e-16,29.910215031608043,6.709293471868357e-16
X25,electrode_count,Q0,8,uniform,1/8,adjacent,PyEIDORS/DOLFINx,classic,2.5711876066444546e-15,5.785099104882923e-15,2.0187058836878894e-16,9.520660044135553e-17,19.98691711158428,1.8945639272879982e-15
X25,electrode_count,Q0,8,uniform,1/8,adjacent,PyEIDORS/DOLFINx,robin_transconductance,2.5113580025633718e-15,6.185967896414755e-15,2.4037146383846556e-16,1.1048563341151986e-16,19.98691711158428,1.8945639272879982e-15
X25,electrode_count,Q0,8,uniform,1/8,adjacent,NGSolve,classic,2.3736950032837858e-14,3.439725209754286e-14,2.078427155858233e-15,8.850635693943773e-17,19.98691711158428,1.6557785954291523e-15
X25,electrode_count,Q0,8,uniform,1/8,adjacent,NGSolve,robin_transconductance,2.3486989209973952e-14,3.644925084350169e-14,2.019544588591971e-15,7.213818178788145e-17,19.98691711158428,1.6557785954291523e-15
X25,electrode_count,Q0,8,uniform,1/8,adjacent,EIDORS,classic,1.7281864397830225e-15,4.621278778624219e-15,1.1965649525426892e-16,1.712905588710073e-16,19.98691711158428,8.182079098157323e-16
X25,electrode_count,Q0,8,uniform,1/8,adjacent,EIDORS,robin_transconductance,1.757056456267961e-15,3.56465305563261e-15,1.8142013721103662e-16,7.300430404141565e-17,19.98691711158428,8.182079098157323e-16
X26,electrode_count,Q0,8,uniform,1/8,skip-2,PyEIDORS/DOLFINx,classic,3.1239038010330463e-15,9.858988660199447e-15,2.351104578847547e-16,7.730706381403629e-17,19.98691711158428,1.9478652924533932e-15
X26,electrode_count,Q0,8,uniform,1/8,skip-2,PyEIDORS/DOLFINx,robin_transconductance,2.932267859129523e-15,1.0265158785413128e-14,2.8241180360382847e-16,1.0709446869880743e-16,19.98691711158428,1.9478652924533932e-15
X26,electrode_count,Q0,8,uniform,1/8,skip-2,NGSolve,classic,2.8899289057652104e-14,6.741253385371145e-14,2.176224138748151e-15,1.2730346430773692e-16,19.98691711158428,1.8687449608980227e-15
X26,electrode_count,Q0,8,uniform,1/8,skip-2,NGSolve,robin_transconductance,2.857966945553442e-14,7.052115832266189e-14,2.1069338310305748e-15,1.2610868704656458e-16,19.98691711158428,1.8687449608980227e-15
X26,electrode_count,Q0,8,uniform,1/8,skip-2,EIDORS,classic,2.5011872791467673e-15,8.082631820799196e-15,2.151895085865484e-16,1.58496829991805e-16,19.98691711158428,9.35494393166229e-16
X26,electrode_count,Q0,8,uniform,1/8,skip-2,EIDORS,robin_transconductance,2.1474011855772244e-15,6.750364191249009e-15,1.958634593017092e-16,9.906063923877921e-17,19.98691711158428,9.35494393166229e-16
X27,electrode_count,Q0,8,uniform,1,adjacent,PyEIDORS/DOLFINx,classic,1.1396253158673646e-15,5.4218617049431655e-15,1.0644027393296258e-16,4.161424555679319e-17,12.301798713269577,5.952219117272869e-16
X27,electrode_count,Q0,8,uniform,1,adjacent,PyEIDORS/DOLFINx,robin_transconductance,1.316954314353993e-15,7.169151750531371e-15,1.1593586054880829e-16,1.1918665407653167e-16,12.301798713269577,5.952219117272869e-16
X27,electrode_count,Q0,8,uniform,1,adjacent,NGSolve,classic,4.783212730762686e-15,2.5056557062892905e-14,6.990782746547505e-16,1.0021210675487647e-16,12.301798713269577,4.781422924811964e-16
X27,electrode_count,Q0,8,uniform,1,adjacent,NGSolve,robin_transconductance,4.747615987374472e-15,2.4197445437004824e-14,6.629113767122457e-16,1.6447502982496465e-16,12.301798713269577,4.781422924811964e-16
X27,electrode_count,Q0,8,uniform,1,adjacent,EIDORS,classic,4.976032728319073e-16,3.4889892858701314e-15,7.006407053784779e-17,1.0931786401826704e-16,12.301798713269577,4.0183614538022e-16
X27,electrode_count,Q0,8,uniform,1,adjacent,EIDORS,robin_transconductance,4.3484246906691755e-16,4.377167705570257e-15,6.332597907085761e-17,1.0890219003811731e-16,12.301798713269577,4.0183614538022e-16
X28,electrode_count,Q0,8,uniform,1,skip-2,PyEIDORS/DOLFINx,classic,1.7421186131515889e-15,9.628665290670533e-15,1.6323385478302412e-16,4.963000891391109e-17,12.301798713269577,7.7455310204514415e-16
X28,electrode_count,Q0,8,uniform,1,skip-2,PyEIDORS/DOLFINx,robin_transconductance,1.9680220312074494e-15,1.2293200549770909e-14,1.7449853820847664e-16,9.402703018161679e-17,12.301798713269577,7.7455310204514415e-16
X28,electrode_count,Q0,8,uniform,1,skip-2,NGSolve,classic,5.572832602853577e-15,3.3892077274635607e-14,6.897578283787306e-16,8.370814751609468e-17,12.301798713269577,4.46238041831814e-16
X28,electrode_count,Q0,8,uniform,1,skip-2,NGSolve,robin_transconductance,5.52567625590207e-15,3.358464018682429e-14,6.547584935641015e-16,1.0033309611490903e-16,12.301798713269577,4.46238041831814e-16
X28,electrode_count,Q0,8,uniform,1,skip-2,EIDORS,classic,6.09159898166221e-16,4.2747523367201616e-15,7.124827578491387e-17,1.0534522290929914e-16,12.301798713269577,4.644414371636877e-16
X28,electrode_count,Q0,8,uniform,1,skip-2,EIDORS,robin_transconductance,4.82452364007217e-16,4.5821894245314716e-15,6.623940382225225e-17,1.9713676558631042e-16,12.301798713269577,4.644414371636877e-16
X29,electrode_count,Q2,8,uniform,1/8,adjacent,PyEIDORS/DOLFINx,classic,2.0493295535801527e-15,7.858189252939305e-15,3.024259509215907e-16,6.183425451872196e-17,16.02002530433003,2.1475016282484842e-15
X29,electrode_count,Q2,8,uniform,1/8,adjacent,PyEIDORS/DOLFINx,robin_transconductance,1.187649120808597e-15,3.7941950260623725e-15,1.8294339857567542e-16,6.236380183671406e-17,16.02002530433003,2.1475016282484842e-15
X29,electrode_count,Q2,8,uniform,1/8,adjacent,NGSolve,classic,2.2938630786356046e-14,4.772015331654489e-14,2.5279378706117125e-15,5.783872803913629e-17,16.02002530433003,1.4397258459586916e-15
X29,electrode_count,Q2,8,uniform,1/8,adjacent,NGSolve,robin_transconductance,2.2220657761114153e-14,4.7208872768468456e-14,2.6105471061506147e-15,1.066926705232088e-16,16.02002530433003,1.4397258459586916e-15
X29,electrode_count,Q2,8,uniform,1/8,adjacent,EIDORS,classic,1.4431164969544087e-15,4.643499961088817e-15,1.6090985947909292e-16,1.5983895694939246e-16,16.02002530433003,1.5452128768218417e-15
X29,electrode_count,Q2,8,uniform,1/8,adjacent,EIDORS,robin_transconductance,1.7032526564780018e-15,4.576308622862447e-15,1.9311592491364196e-16,9.40195468503436e-17,16.02002530433003,1.5452128768218417e-15
X30,electrode_count,Q2,8,uniform,1/8,skip-2,PyEIDORS/DOLFINx,classic,1.959414367356248e-15,1.1645940924868362e-14,3.280745712660124e-16,7.34824187263011e-17,16.02002530433003,2.309186098391025e-15
X30,electrode_count,Q2,8,uniform,1/8,skip-2,PyEIDORS/DOLFINx,robin_transconductance,1.1627632542881416e-15,3.873001611195576e-15,1.6521079595948366e-16,7.974242537831513e-17,16.02002530433003,2.309186098391025e-15
X30,electrode_count,Q2,8,uniform,1/8,skip-2,NGSolve,classic,2.8572633618665646e-14,8.296515812982977e-14,2.633088935922151e-15,4.9021893895451145e-17,16.02002530433003,1.6958054397176054e-15
X30,electrode_count,Q2,8,uniform,1/8,skip-2,NGSolve,robin_transconductance,2.744253899264958e-14,8.028052551409459e-14,2.665876826321117e-15,7.758418227425681e-17,16.02002530433003,1.6958054397176054e-15
X30,electrode_count,Q2,8,uniform,1/8,skip-2,EIDORS,classic,2.1354257633272473e-15,7.647759894921109e-15,2.048183951552131e-16,1.0426103460489987e-16,16.02002530433003,1.3848875742991834e-15
X30,electrode_count,Q2,8,uniform,1/8,skip-2,EIDORS,robin_transconductance,2.2089952645665973e-15,7.893984308534393e-15,2.607149126272264e-16,1.3786911308380578e-16,16.02002530433003,1.3848875742991834e-15
X31,electrode_count,Q2,8,uniform,1,adjacent,PyEIDORS/DOLFINx,classic,9.523031330669704e-16,6.7504482809245475e-15,1.219150807350724e-16,3.6981662921696624e-17,11.387885268208429,6.58067181399311e-16
X31,electrode_count,Q2,8,uniform,1,adjacent,PyEIDORS/DOLFINx,robin_transconductance,6.078091905554346e-16,3.835540805700312e-15,6.296909531508603e-17,8.668686013963739e-17,11.387885268208429,6.58067181399311e-16
X31,electrode_count,Q2,8,uniform,1,adjacent,NGSolve,classic,5.33910879827073e-15,3.3395800871928306e-14,7.816579840818443e-16,1.736159499586523e-17,11.387885268208429,6.915273005895265e-16
X31,electrode_count,Q2,8,uniform,1,adjacent,NGSolve,robin_transconductance,5.0984541690026714e-15,3.073126561282793e-14,7.463956051538139e-16,6.888591808029288e-17,11.387885268208429,6.915273005895265e-16
X31,electrode_count,Q2,8,uniform,1,adjacent,EIDORS,classic,1.5729220457646866e-15,8.655940132069348e-15,1.8870920879584017e-16,5.743385043427704e-17,11.387885268208429,6.453755074958808e-16
X31,electrode_count,Q2,8,uniform,1,adjacent,EIDORS,robin_transconductance,1.3394421866179507e-15,6.348298440712738e-15,1.4586485424182983e-16,6.944116296208262e-17,11.387885268208429,6.453755074958808e-16
X32,electrode_count,Q2,8,uniform,1,skip-2,PyEIDORS/DOLFINx,classic,1.1826370798193697e-15,9.160811863894191e-15,1.4614024362751618e-16,7.198833225408844e-17,11.387885268208429,8.497116616556658e-16
X32,electrode_count,Q2,8,uniform,1,skip-2,PyEIDORS/DOLFINx,robin_transconductance,7.539381503782577e-16,6.496276604793814e-15,7.544390456643449e-17,9.1972694256408e-17,11.387885268208429,8.497116616556658e-16
X32,electrode_count,Q2,8,uniform,1,skip-2,NGSolve,classic,6.299056771959468e-15,4.2911591812498947e-14,8.11710665670498e-16,4.122630286544029e-17,11.387885268208429,9.824285495403319e-16
X32,electrode_count,Q2,8,uniform,1,skip-2,NGSolve,robin_transconductance,5.8528482748885315e-15,4.1135234973098696e-14,7.368225920265722e-16,1.0425040065012391e-16,11.387885268208429,9.824285495403319e-16
X32,electrode_count,Q2,8,uniform,1,skip-2,EIDORS,classic,2.2219502807264357e-15,1.263059456678878e-14,2.583230786062089e-16,8.91959678970874e-17,11.387885268208429,6.509636955773989e-16
X32,electrode_count,Q2,8,uniform,1,skip-2,EIDORS,robin_transconductance,2.0894337876953533e-15,1.099855983521222e-14,2.3555507784882105e-16,8.186269880004755e-17,11.387885268208429,6.509636955773989e-16
X33,large_q4,Q4,16,uniform,1/32,adjacent,PyEIDORS/DOLFINx,classic,5.463516390020716e-15,9.5889423585016e-15,1.1477583193491233e-16,8.133618654119158e-17,72.44084660209971,5.121062261644468e-15
X33,large_q4,Q4,16,uniform,1/32,adjacent,PyEIDORS/DOLFINx,robin_transconductance,2.462111699264088e-15,9.274344297488204e-15,1.0830580139578473e-16,1.2278823358960805e-16,72.44084660209971,5.121062261644468e-15
X33,large_q4,Q4,16,uniform,1/32,adjacent,NGSolve,classic,8.527757547888428e-14,1.0796579000314927e-13,2.966995203341193e-15,1.2438358874701582e-16,72.44084660209971,7.337922721884949e-15
X33,large_q4,Q4,16,uniform,1/32,adjacent,NGSolve,robin_transconductance,7.92752385456166e-14,9.875093889876047e-14,2.705835319223733e-15,1.1968831016385098e-16,72.44084660209971,7.337922721884949e-15
X33,large_q4,Q4,16,uniform,1/32,adjacent,EIDORS,classic,6.898356304450344e-15,1.5493009115394882e-14,2.1448320086967031e-16,1.457766019814905e-16,72.44084660209971,4.096378725265825e-15
X33,large_q4,Q4,16,uniform,1/32,adjacent,EIDORS,robin_transconductance,7.277019718185519e-15,1.2408124966255745e-14,2.1163131248830949e-16,1.1844620526271814e-16,72.44084660209971,4.096378725265825e-15
X34,large_q4,Q4,16,uniform,1/32,skip-4,PyEIDORS/DOLFINx,classic,9.075620339772343e-15,2.973193967380184e-14,1.650972501286568e-16,1.6578904446285556e-16,72.44084660209971,7.976352581318912e-15
X34,large_q4,Q4,16,uniform,1/32,skip-4,PyEIDORS/DOLFINx,robin_transconductance,2.860402248224057e-15,1.8132202015243638e-14,1.2140188312597211e-16,1.7043949282558368e-16,72.44084660209971,7.976352581318912e-15
X34,large_q4,Q4,16,uniform,1/32,skip-4,NGSolve,classic,1.3770583650511828e-13,3.49920259975697e-13,3.1343888712872102e-15,1.1452517756578216e-16,72.44084660209971,1.086102740399687e-14
X34,large_q4,Q4,16,uniform,1/32,skip-4,NGSolve,robin_transconductance,1.2759489563924542e-13,3.250512642240935e-13,2.8373127319304293e-15,1.2031198273391724e-16,72.44084660209971,1.086102740399687e-14
X34,large_q4,Q4,16,uniform,1/32,skip-4,EIDORS,classic,1.08250434427593e-14,4.10618844795812e-14,2.482401449099939e-16,1.3617771333559336e-16,72.44084660209971,3.4961740617540344e-15
X34,large_q4,Q4,16,uniform,1/32,skip-4,EIDORS,robin_transconductance,1.1451959198157469e-14,3.466099575445724e-14,2.364854593966598e-16,8.458365270781407e-17,72.44084660209971,3.4961740617540344e-15
X35,large_q4,Q4,16,uniform,1/8,adjacent,PyEIDORS/DOLFINx,classic,1.588791961162822e-15,5.56412626134741e-15,5.893364794268043e-17,7.022681869068143e-17,57.52865427501406,3.4772048827962284e-15
X35,large_q4,Q4,16,uniform,1/8,adjacent,PyEIDORS/DOLFINx,robin_transconductance,3.6485106121938045e-15,1.0036939699219863e-14,9.396107703883918e-17,1.5655506674504145e-16,57.52865427501406,3.4772048827962284e-15
X35,large_q4,Q4,16,uniform,1/8,adjacent,NGSolve,classic,2.0356786158255023e-14,3.870453318494952e-14,9.549434935081442e-16,7.94700161008995e-17,57.52865427501406,3.4219315805122276e-15
X35,large_q4,Q4,16,uniform,1/8,adjacent,NGSolve,robin_transconductance,1.874390335539572e-14,3.914862239479958e-14,9.145944624891771e-16,2.03411838919154e-16,57.52865427501406,3.4219315805122276e-15
X35,large_q4,Q4,16,uniform,1/8,adjacent,EIDORS,classic,5.572421844124485e-15,1.4686035114922515e-14,1.8985487025807632e-16,1.400403251155802e-16,57.52865427501406,1.6738783698022744e-15
X35,large_q4,Q4,16,uniform,1/8,adjacent,EIDORS,robin_transconductance,5.900002367901763e-15,1.3943877632683518e-14,2.4007143005059716e-16,1.6359875731942531e-16,57.52865427501406,1.6738783698022744e-15
X36,large_q4,Q4,16,uniform,1/8,skip-4,PyEIDORS/DOLFINx,classic,2.3774538928178897e-15,1.1753702417187752e-14,7.975038406068645e-17,1.107772942852614e-16,57.52865427501406,4.960373509608439e-15
X36,large_q4,Q4,16,uniform,1/8,skip-4,PyEIDORS/DOLFINx,robin_transconductance,5.680095053574624e-15,2.6393973112261678e-14,1.3010956468149404e-16,1.8890799845897897e-16,57.52865427501406,4.960373509608439e-15
X36,large_q4,Q4,16,uniform,1/8,skip-4,NGSolve,classic,3.5366156801179955e-14,1.155178314416019e-13,1.057259014989034e-15,1.0408100554091572e-16,57.52865427501406,5.21904120342738e-15
X36,large_q4,Q4,16,uniform,1/8,skip-4,NGSolve,robin_transconductance,3.1831357389032413e-14,1.0814245671961938e-13,9.77398976352404e-16,1.7110267304430655e-16,57.52865427501406,5.21904120342738e-15
X36,large_q4,Q4,16,uniform,1/8,skip-4,EIDORS,classic,9.850479098708416e-15,4.153700276481976e-14,2.766456802661683e-16,9.599088989660798e-17,57.52865427501406,2.1746055513934826e-15
X36,large_q4,Q4,16,uniform,1/8,skip-4,EIDORS,robin_transconductance,1.0419890599211024e-14,3.620793224661901e-14,3.2170201868444976e-16,2.6629287596208165e-16,57.52865427501406,2.1746055513934826e-15
X37,large_q4,Q4,16,uniform,1,adjacent,PyEIDORS/DOLFINx,classic,5.178004722381957e-16,6.440609239711435e-15,2.8134492481972974e-17,6.074320591773487e-17,29.52492351455413,1.066028217566081e-15
X37,large_q4,Q4,16,uniform,1,adjacent,PyEIDORS/DOLFINx,robin_transconductance,1.086105775335208e-15,1.0651663014139561e-14,4.2771614680537324e-17,1.1069480864626026e-16,29.52492351455413,1.066028217566081e-15
X37,large_q4,Q4,16,uniform,1,adjacent,NGSolve,classic,5.067497704117464e-15,4.102564379739211e-14,3.8391704270827025e-16,6.344268245664374e-17,29.52492351455413,9.320561441157685e-16
X37,large_q4,Q4,16,uniform,1,adjacent,NGSolve,robin_transconductance,4.839239447847472e-15,4.507373910289583e-14,3.9903925974275113e-16,1.4589656483705747e-16,29.52492351455413,9.320561441157685e-16
X37,large_q4,Q4,16,uniform,1,adjacent,EIDORS,classic,2.653964406379669e-15,1.819079070168234e-14,1.2679735642467746e-16,8.00269291816977e-17,29.52492351455413,8.690968310868461e-16
X37,large_q4,Q4,16,uniform,1,adjacent,EIDORS,robin_transconductance,2.5321609104653545e-15,1.663647846720712e-14,1.2326453813422948e-16,1.3947968350809584e-16,29.52492351455413,8.690968310868461e-16
X38,large_q4,Q4,16,uniform,1,skip-4,PyEIDORS/DOLFINx,classic,7.914254727272917e-16,1.1089275558832473e-14,4.490402224727395e-17,8.266776416526537e-17,29.52492351455413,2.5461581979442548e-15
X38,large_q4,Q4,16,uniform,1,skip-4,PyEIDORS/DOLFINx,robin_transconductance,2.6269123974117954e-15,2.5390958166369147e-14,9.146033037134029e-17,1.9600919487486184e-16,29.52492351455413,2.5461581979442548e-15
X38,large_q4,Q4,16,uniform,1,skip-4,NGSolve,classic,9.500335141661638e-15,9.025184734789315e-14,4.870135318561785e-16,9.200319851713644e-17,29.52492351455413,1.9800489750135882e-15
X38,large_q4,Q4,16,uniform,1,skip-4,NGSolve,robin_transconductance,8.134140521940754e-15,8.137006315089189e-14,4.785228020079484e-16,1.8375187357733044e-16,29.52492351455413,1.9800489750135882e-15
X38,large_q4,Q4,16,uniform,1,skip-4,EIDORS,classic,7.01843216635322e-15,5.051952726298105e-14,3.3252612366039586e-16,1.0828331613151495e-16,29.52492351455413,1.2992156765609627e-15
X38,large_q4,Q4,16,uniform,1,skip-4,EIDORS,robin_transconductance,6.498547592760324e-15,4.794124439400708e-14,2.9643197983450936e-16,1.6705130291790672e-16,29.52492351455413,1.2992156765609627e-15
