case_id,solver,formulation,cold_median_seconds,setup_median_seconds,warm_reuse_median_seconds,cold_over_warm_reuse_speedup
X01,PyEIDORS/DOLFINx,classic,0.000672038500852068,0.0006427082516893279,1.6726189642213285e-05,40.17881628915579
X01,PyEIDORS/DOLFINx,robin_transconductance,0.00018984987036674283,0.00016539312855456956,1.297381277254317e-05,14.633313559798491
X01,NGSolve,classic,0.0010730881222116295,0.0010303913768439088,3.1226312785292976e-05,34.36486816711304
X01,NGSolve,robin_transconductance,0.005603830435575219,0.0004557141874101944,0.0002940282520285109,19.058816276715596
X01,EIDORS,classic,0.0003935125,0.00024784375,4.080000000000001e-05,9.644914215686272
X01,EIDORS,robin_transconductance,0.00051726875,0.0004942812499999999,7.168750000000001e-06,72.15605928509154
X02,PyEIDORS/DOLFINx,classic,0.0006547704961121781,0.0006284470000537112,1.6844373021740466e-05,38.87176419490876
X02,PyEIDORS/DOLFINx,robin_transconductance,0.00021113275033712853,0.0001541482470202027,1.3192067854106426e-05,16.004522768688393
X02,NGSolve,classic,0.0009874475636024727,0.0009418370027560741,3.1708821552456357e-05,31.14109939307975
X02,NGSolve,robin_transconductance,0.0012183591279608663,0.00022781093866797164,1.779156445991248e-05,68.47959496232293
X02,EIDORS,classic,0.00038366249999999995,0.00024986250000000006,3.4543749999999996e-05,11.106567758277546
X02,EIDORS,robin_transconductance,0.0005303875000000001,0.00050739375,6.6687499999999995e-06,79.5332708528585
X03,PyEIDORS/DOLFINx,classic,0.0006096654433349613,0.0005821106242365204,2.3755252186674625e-05,25.664448373103347
X03,PyEIDORS/DOLFINx,robin_transconductance,0.00018653512961464003,0.00015042062477732543,1.7804244635044597e-05,10.477003289849078
X03,NGSolve,classic,0.0011008914334524889,0.0010166325610043714,3.1395999030792154e-05,35.06470465783781
X03,NGSolve,robin_transconductance,0.001958646440471057,0.0002795919353957288,0.0012955321253684815,1.5118470643203612
X03,EIDORS,classic,0.00032935,0.0002141875,3.818125e-05,8.62596169585857
X03,EIDORS,robin_transconductance,0.00042225625,0.00040369375,6.81875e-06,61.92575618698442
X04,PyEIDORS/DOLFINx,classic,0.0007568971905129729,0.000728877006622497,1.7851429220172577e-05,42.39980906725717
X04,PyEIDORS/DOLFINx,robin_transconductance,0.00018858949988498352,0.00015367837477242574,1.9529870769474655e-05,9.656464300816083
X04,NGSolve,classic,0.001106411125874729,0.0010622329373290995,3.2964682759484276e-05,33.563530216483066
X04,NGSolve,robin_transconductance,0.002175662813897361,0.00029267725221870933,6.911130913067609e-05,31.480561448830382
X04,EIDORS,classic,0.00035794375000000004,0.00023366250000000002,3.3950000000000005e-05,10.543262150220913
X04,EIDORS,robin_transconductance,0.0004504375,0.00043248750000000007,6.96875e-06,64.63677130044843
X05,PyEIDORS/DOLFINx,classic,0.0006426698728319025,0.0006140801269793883,2.3619561034138314e-05,27.20922170835544
X05,PyEIDORS/DOLFINx,robin_transconductance,0.00017950744222616777,0.00015221144167298917,2.2145752154756337e-05,8.105727950523198
X05,NGSolve,classic,0.0008695883116160985,0.0008292591301142238,2.8837434001616202e-05,30.154843581691846
X05,NGSolve,robin_transconductance,0.0009071466865862021,0.00016380568740714807,4.43545650341548e-05,20.45216058116369
X05,EIDORS,classic,0.00033407500000000003,0.00022068124999999997,3.054375e-05,10.937589523224883
X05,EIDORS,robin_transconductance,0.00039178125,0.00037209375,5.6312500000000005e-06,69.57269700332962
X06,PyEIDORS/DOLFINx,classic,0.0006510153762064874,0.0006220363047759747,2.3229556973092258e-05,28.025303149801136
X06,PyEIDORS/DOLFINx,robin_transconductance,0.0001930948728841031,0.0001517489981779363,1.8318491129321046e-05,10.540981324331375
X06,NGSolve,classic,0.0009033315036504064,0.0008634424975753063,2.8959871997358277e-05,31.19252404612867
X06,NGSolve,robin_transconductance,0.0008944819401222048,0.00017160037532448769,6.942037180124316e-05,12.885006474514253
X06,EIDORS,classic,0.00036855625,0.00024756874999999997,4.141875e-05,8.898294854383582
X06,EIDORS,robin_transconductance,0.00043201875,0.00041390625,6.8812499999999995e-06,62.782016348773844
X07,PyEIDORS/DOLFINx,classic,0.0006593666894332273,0.0006287584947131108,1.9234812498325482e-05,34.27986051283991
X07,PyEIDORS/DOLFINx,robin_transconductance,0.00016768912428233307,0.00014277112859417684,1.6809684893814847e-05,9.975744658011678
X07,NGSolve,classic,0.0010722044971771538,0.0010220735675829928,3.2080753953778185e-05,33.42204795816151
X07,NGSolve,robin_transconductance,0.0011467885615275009,0.0002862490546249319,5.3402060075313784e-05,21.474612775427886
X07,EIDORS,classic,0.00040763124999999996,0.000252925,3.3475e-05,12.177184466019416
X07,EIDORS,robin_transconductance,0.00046934375000000003,0.0004414625,6.662499999999999e-06,70.4455909943715
X08,PyEIDORS/DOLFINx,classic,0.0006481381242338102,0.0006217258123797365,1.7407122868462466e-05,37.2340753340738
X08,PyEIDORS/DOLFINx,robin_transconductance,0.00015833274846954737,0.00013657612544193398,1.3915192539570853e-05,11.37840874420487
X08,NGSolve,classic,0.0008997429395094514,0.0008586303119955119,3.1869187296251766e-05,28.232377912419278
X08,NGSolve,robin_transconductance,0.00040694187373446766,0.00021185837249504402,0.0002947541197499959,1.380614710592093
X08,EIDORS,classic,0.00029800625,0.00019786874999999998,2.785e-05,10.7004039497307
X08,EIDORS,robin_transconductance,0.00036619375,0.00035093124999999994,4.943750000000001e-06,74.07206068268015
X09,PyEIDORS/DOLFINx,classic,0.0008688023772265296,0.0008177813142538071,3.812669274338987e-05,22.787247324963857
X09,PyEIDORS/DOLFINx,robin_transconductance,0.0003877319995808648,0.0003407184976822464,1.6783751561888494e-05,23.1016288671302
X09,NGSolve,classic,0.0012751730628224323,0.0011903911290573888,6.73809990985319e-05,18.924816786372283
X09,NGSolve,robin_transconductance,0.001171406942376052,0.0004587615021591773,4.4212622015038505e-05,26.494853482736424
X09,EIDORS,classic,0.00047569375000000005,0.0003371875,5.824375e-05,8.167292627964374
X09,EIDORS,robin_transconductance,0.000518625,0.00050025625,8.925e-06,58.10924369747899
X10,PyEIDORS/DOLFINx,classic,0.0009101550658670021,0.0008565613788960036,3.5133938581566326e-05,25.905295637550065
X10,PyEIDORS/DOLFINx,robin_transconductance,0.0003847470616165083,0.0003436139377299696,1.732718556013424e-05,22.204821451310615
X10,NGSolve,classic,0.0015668026899220422,0.001477422942116391,6.844168638053816e-05,22.892520228250437
X10,NGSolve,robin_transconductance,0.00104165625089081,0.0004902826240140712,4.5791184675181285e-05,22.747964663499637
X10,EIDORS,classic,0.0004925812499999999,0.0003621,4.301875e-05,11.450385006537847
X10,EIDORS,robin_transconductance,0.0005208375,0.0005027375,5.9875e-06,86.98747390396659
X11,PyEIDORS/DOLFINx,classic,0.0009511269363429165,0.0008949400016717846,3.455481601122301e-05,27.525162803182088
X11,PyEIDORS/DOLFINx,robin_transconductance,0.0003500096881907666,0.0003198490012437105,1.4629500583396293e-05,23.92492390259781
X11,NGSolve,classic,0.0015415046818816336,0.0014446671248151688,6.89458756824024e-05,22.358185556777023
X11,NGSolve,robin_transconductance,0.0030256679965532385,0.0006434575661842246,2.3706244974164292e-05,127.6316852310728
X11,EIDORS,classic,0.00053875,0.0004243687500000001,5.310624999999999e-05,10.144756973049311
X11,EIDORS,robin_transconductance,0.00058008125,0.00055115625,7.71875e-06,75.15222672064777
X12,PyEIDORS/DOLFINx,classic,0.0009324655002274085,0.0008764770573179703,3.583581201382913e-05,26.0204931275889
X12,PyEIDORS/DOLFINx,robin_transconductance,0.0003585545036912663,0.00032395237758464646,1.618805981706828e-05,22.14931917370453
X12,NGSolve,classic,0.0011466636296972865,0.0010511637483432423,6.622168257308658e-05,17.31553148671137
X12,NGSolve,robin_transconductance,0.00040926612564362586,0.0003434779391682241,1.7535250663058832e-05,23.33962219917499
X12,EIDORS,classic,0.000482875,0.00033813125,6.280625e-05,7.688327196735994
X12,EIDORS,robin_transconductance,0.00051523125,0.00049604375,8.431249999999998e-06,61.10971089696072
X13,PyEIDORS/DOLFINx,classic,0.0008852468799886992,0.0008352162494702497,3.5849816413247027e-05,24.693205392861863
X13,PyEIDORS/DOLFINx,robin_transconductance,0.0003642324954853393,0.00032842168911884073,1.4547127648256719e-05,25.038104036227917
X13,NGSolve,classic,0.0010966072532028193,0.001009449499179027,7.464618465746753e-05,14.690734137784439
X13,NGSolve,robin_transconductance,0.0004904751858703094,0.00035055712032772135,3.342368654557504e-05,14.674478986676691
X13,EIDORS,classic,0.0004395,0.0003211125,3.576875e-05,12.287261925563516
X13,EIDORS,robin_transconductance,0.0005195375,0.0005007062499999999,5.70625e-06,91.04709748083242
X14,PyEIDORS/DOLFINx,classic,0.0008905277481972007,0.0008385892488149693,5.066794255981222e-05,17.575762961875853
X14,PyEIDORS/DOLFINx,robin_transconductance,0.0003634205677371938,0.0003300303105788771,1.97644330910407e-05,18.387603938001835
X14,NGSolve,classic,0.0010919646883849055,0.0010078757513838354,6.682605817331932e-05,16.34040250515447
X14,NGSolve,robin_transconductance,0.00042579537694109604,0.0003552360649337061,1.8818502212525345e-05,22.626422237668432
X14,EIDORS,classic,0.0005888875,0.00041105624999999995,4.7275000000000004e-05,12.456636700158645
X14,EIDORS,robin_transconductance,0.00054496875,0.0005248375000000001,6.868750000000001e-06,79.3403093721565
X15,PyEIDORS/DOLFINx,classic,0.0008971696261141915,0.0008462244331894908,5.0920871217385866e-05,17.61889780487243
X15,PyEIDORS/DOLFINx,robin_transconductance,0.00037746350426459685,0.00033492343573016115,1.964319199032616e-05,19.215996282604646
X15,NGSolve,classic,0.0013095486283418722,0.0011720613729266915,6.72536243655486e-05,19.47179264605853
X15,NGSolve,robin_transconductance,0.0005846355579706142,0.0003767251855606446,2.143100391549524e-05,27.279895999081297
X15,EIDORS,classic,0.00061404375,0.0004193875,7.841249999999999e-05,7.830942132950743
X15,EIDORS,robin_transconductance,0.0006926874999999999,0.00065948125,1.0237499999999998e-05,67.66178266178267
X16,PyEIDORS/DOLFINx,classic,0.0009760064367583254,0.0009146888842224143,3.530612957547419e-05,27.64410736871933
X16,PyEIDORS/DOLFINx,robin_transconductance,0.00035238650161772966,0.0003215998185623903,1.54404388013063e-05,22.822311344410554
X16,NGSolve,classic,0.0010930251864920137,0.0010091587482747855,6.559362373081967e-05,16.66358899422182
X16,NGSolve,robin_transconductance,0.0003988539974670857,0.00033934181738004554,1.6848880477482453e-05,23.672433192230834
X16,EIDORS,classic,0.0006226062499999999,0.00045048125,4.8131249999999994e-05,12.935592780158421
X16,EIDORS,robin_transconductance,0.0006895,0.0006623625000000001,6.2375e-06,110.54108216432866
X17,PyEIDORS/DOLFINx,classic,0.0006281064361246536,0.000599064129346516,1.6701505956007168e-05,37.60777248345904
X17,PyEIDORS/DOLFINx,robin_transconductance,0.00015155087203311268,0.00012110818897781428,1.3386063073994592e-05,11.321541755434724
X17,NGSolve,classic,0.0008501134361722507,0.0008137573113344843,2.9421305953292176e-05,28.8944833897533
X17,NGSolve,robin_transconductance,0.00022539425299328286,0.00015470712423848454,1.5132565749809146e-05,14.894648846718248
X17,EIDORS,classic,0.00042405,0.00027675000000000003,3.464375e-05,12.240303084972037
X17,EIDORS,robin_transconductance,0.000502225,0.00048020625,6.243749999999999e-06,80.43643643643645
X18,PyEIDORS/DOLFINx,classic,0.0006248943136597518,0.0005990429999656044,2.25984986172989e-05,27.652027873276595
X18,PyEIDORS/DOLFINx,robin_transconductance,0.000183603684490663,0.0001528458706161473,1.9310500647407025e-05,9.507971224729324
X18,NGSolve,classic,0.000830868377306615,0.0007882795580371749,2.7318439606460743e-05,30.414196025680642
X18,NGSolve,robin_transconductance,0.00016477762437716592,0.0001460169969504932,1.3619623132399283e-05,12.09854507539065
X18,EIDORS,classic,0.0003264,0.00020900625,3.2649999999999994e-05,9.996937212863708
X18,EIDORS,robin_transconductance,0.00037016250000000006,0.0003497875,5.818750000000001e-06,63.61546723952739
X19,PyEIDORS/DOLFINx,classic,0.0006452120614994783,0.0006170687520352658,2.433525150991045e-05,26.51347413593477
X19,PyEIDORS/DOLFINx,robin_transconductance,0.00015069062465045135,0.00011891812573594507,1.784125379344914e-05,8.446190295537479
X19,NGSolve,classic,0.000871721689691185,0.0008130591268127318,3.004018435603939e-05,29.01851997176345
X19,NGSolve,robin_transconductance,0.0002048946244030958,0.00015385962979053147,1.3371003660722636e-05,15.323802879882113
X19,EIDORS,classic,0.00029085625,0.00019238749999999998,2.250625e-05,12.923354623715634
X19,EIDORS,robin_transconductance,0.0003505375,0.00033624374999999994,4.806250000000001e-06,72.9336801040312
X20,PyEIDORS/DOLFINx,classic,0.0006557996912306407,0.0006280060024437262,1.7372874935972504e-05,37.74848398135494
X20,PyEIDORS/DOLFINx,robin_transconductance,0.00016575931476836558,0.00014287643352872692,1.673393853707239e-05,9.905576885031708
X20,NGSolve,classic,0.0008115978798741708,0.0007726005042059114,2.9349252145038918e-05,27.653102568453694
X20,NGSolve,robin_transconductance,0.00017068793749785982,0.00014527718667523004,1.3453623978421092e-05,12.687134542457432
X20,EIDORS,classic,0.00031481874999999995,0.000212225,2.5481250000000006e-05,12.35491783173902
X20,EIDORS,robin_transconductance,0.00035016875,0.0003336625,4.66875e-06,75.00267737617136
X21,PyEIDORS/DOLFINx,classic,0.0008713369334145682,0.0008213861892727436,3.4733184293145314e-05,25.086583656152968
X21,PyEIDORS/DOLFINx,robin_transconductance,0.0003778125628741691,0.0003338455608172808,1.3856373698217794e-05,27.266337578840222
X21,NGSolve,classic,0.0011418087506172014,0.0010614521233947016,7.101099799911026e-05,16.079322679446186
X21,NGSolve,robin_transconductance,0.0005128198736201739,0.00035477062556310557,3.694681072374806e-05,13.879949678323712
X21,EIDORS,classic,0.00055360625,0.00039398125,4.50125e-05,12.298944737572896
X21,EIDORS,robin_transconductance,0.0005989374999999999,0.0005776812499999999,6.949999999999998e-06,86.17805755395685
X22,PyEIDORS/DOLFINx,classic,0.001019072247800068,0.00095969406356744,3.5263252357253805e-05,28.898986329332168
X22,PyEIDORS/DOLFINx,robin_transconductance,0.0003876999362546485,0.00034555269303382374,1.825500112317968e-05,21.238012182993412
X22,NGSolve,classic,0.0010822315671248361,0.0010016788110078778,6.53088736726204e-05,16.570972767802346
X22,NGSolve,robin_transconductance,0.00037360187525337096,0.00033528057065268513,1.7383190424880013e-05,21.4921349948883
X22,EIDORS,classic,0.00056111875,0.0004070812500000001,4.2825e-05,13.102597781669587
X22,EIDORS,robin_transconductance,0.0005862625,0.00055945,6.200000000000001e-06,94.55846774193547
X23,PyEIDORS/DOLFINx,classic,0.0010050169948954135,0.0009451770638406742,5.0733686293824576e-05,19.80965840082759
X23,PyEIDORS/DOLFINx,robin_transconductance,0.0003773391890717903,0.00033425425317545887,2.0934499843860976e-05,18.024753009919397
X23,NGSolve,classic,0.001082678811144433,0.0010021258713095449,6.690506234008353e-05,16.182315258015816
X23,NGSolve,robin_transconductance,0.000558543377337628,0.00036712787732540164,1.6641433830955066e-05,33.563416650954096
X23,EIDORS,classic,0.00048424374999999996,0.000355475,3.77e-05,12.844661803713526
X23,EIDORS,robin_transconductance,0.0005118375000000001,0.00049311875,5.618750000000001e-06,91.09454949944383
X24,PyEIDORS/DOLFINx,classic,0.0008960633149399655,0.0008469394360872684,5.099512418382801e-05,17.571548834940035
X24,PyEIDORS/DOLFINx,robin_transconductance,0.00036824706148763653,0.00033276574868068565,2.0734063582494855e-05,17.760486747929935
X24,NGSolve,classic,0.0011490224987937836,0.0010617121242830763,6.841475078545045e-05,16.794952632322424
X24,NGSolve,robin_transconductance,0.00046062268665991724,0.000384491439035628,1.6902746210689656e-05,27.25135199442382
X24,EIDORS,classic,0.0005448062500000001,0.00040538750000000006,3.670625e-05,14.842329303592715
X24,EIDORS,robin_transconductance,0.00050735625,0.0004901562499999999,6.31875e-06,80.29376854599407
X25,PyEIDORS/DOLFINx,classic,0.0007462175635737367,0.0007253795010910835,9.13362055143807e-06,81.70008370407353
X25,PyEIDORS/DOLFINx,robin_transconductance,0.00015500106201216113,0.0001283638739550952,1.1806499969679862e-05,13.128451480982305
X25,NGSolve,classic,0.0007990733829501551,0.0007772239368932787,1.4298251699074171e-05,55.886090115611545
X25,NGSolve,robin_transconductance,0.0001288985640712781,0.00011530369010870345,9.915689588524401e-06,12.999455350080202
X25,EIDORS,classic,0.0003066,0.00020433125,2.4243750000000003e-05,12.646558391337972
X25,EIDORS,robin_transconductance,0.00031071250000000005,0.00030042500000000005,3.2625e-06,95.23754789272031
X26,PyEIDORS/DOLFINx,classic,0.0007089990031090565,0.0006882194993522717,1.1219994121347554e-05,63.190675096708844
X26,PyEIDORS/DOLFINx,robin_transconductance,0.00016412162221968174,0.00013143137402948923,1.404668546456378e-05,11.684010625404756
X26,NGSolve,classic,0.000601147503402899,0.0005837805019837106,8.914064892451279e-06,67.43808920574163
X26,NGSolve,robin_transconductance,9.809405673877336e-05,8.791212349024136e-05,7.645812729606405e-06,12.829774964135579
X26,EIDORS,classic,0.00038235625,0.00026755625,5.646250000000002e-05,6.771861855213635
X26,EIDORS,robin_transconductance,0.00040846875,0.0003967625,5.6562499999999986e-06,72.21546961325969
X27,PyEIDORS/DOLFINx,classic,0.0007788940638420172,0.0007572368103865301,1.2168809917056933e-05,64.00741478838017
X27,PyEIDORS/DOLFINx,robin_transconductance,0.00017770155864127446,0.00014139900122245308,1.572243490954861e-05,11.302419737374906
X27,NGSolve,classic,0.0007140870675357291,0.0006916814927535597,8.314875231008045e-06,85.88067141076722
X27,NGSolve,robin_transconductance,0.00010997956269420683,9.88709980447311e-05,7.966442353790626e-06,13.8053547380376
X27,EIDORS,classic,0.00031986250000000003,0.00020980624999999997,3.7693750000000005e-05,8.485823246559443
X27,EIDORS,robin_transconductance,0.00034958125,0.00033915625000000005,4.05e-06,86.31635802469135
X28,PyEIDORS/DOLFINx,classic,0.0006219501865416532,0.0006044595011189813,1.2108874216210097e-05,51.36317178925282
X28,PyEIDORS/DOLFINx,robin_transconductance,0.0001433821835234994,0.00012396012607496232,1.550406523165293e-05,9.248037942382487
X28,NGSolve,classic,0.0007639976884092903,0.000743038130167406,8.360437277588062e-06,91.38250345557275
X28,NGSolve,robin_transconductance,0.00013381793360167649,0.00011799437379522715,7.025373633950949e-06,19.047803088363228
X28,EIDORS,classic,0.00029866874999999997,0.0002084125,2.9199999999999998e-05,10.228381849315069
X28,EIDORS,robin_transconductance,0.00032273124999999996,0.00031348125000000003,3.5875e-06,89.95993031358884
X29,PyEIDORS/DOLFINx,classic,0.0009012001901282929,0.0008646671922178939,2.72653742285911e-05,33.05291842219696
X29,PyEIDORS/DOLFINx,robin_transconductance,0.00032815418489917647,0.00029107519003446214,1.8264625396113843e-05,17.96665290321244
X29,NGSolve,classic,0.0008720284422452096,0.0008330684377142461,2.1033562006778084e-05,41.45890467644984
X29,NGSolve,robin_transconductance,0.00026013162641902454,0.0002436216891510412,8.447874279227108e-06,30.7925541764601
X29,EIDORS,classic,0.00050265,0.00036451875,4.658125e-05,10.79082248758889
X29,EIDORS,robin_transconductance,0.0004797062500000001,0.0004667125,4.7562499999999996e-06,100.85808147174772
X30,PyEIDORS/DOLFINx,classic,0.0009318741267634323,0.000895603438038961,2.6228442948195152e-05,35.529144013772154
X30,PyEIDORS/DOLFINx,robin_transconductance,0.000318022999636014,0.0002854550566553371,1.6041933122323826e-05,19.824481077873074
X30,NGSolve,classic,0.0008859403205860872,0.0008473650650557829,1.9947750843130052e-05,44.41304323245056
X30,NGSolve,robin_transconductance,0.0002538084390835138,0.0002397033113084035,8.60737418406643e-06,29.487324897917436
X30,EIDORS,classic,0.0005175374999999999,0.00037336875,3.42875e-05,15.094057601166604
X30,EIDORS,robin_transconductance,0.00048679375000000005,0.00047148124999999997,3.6375e-06,133.82646048109967
X31,PyEIDORS/DOLFINx,classic,0.0007874955626903102,0.0007548846224381123,2.6058194634970278e-05,30.220649347422007
X31,PyEIDORS/DOLFINx,robin_transconductance,0.00030576887365896255,0.000277070499578258,1.7320877304882742e-05,17.65319783038741
X31,NGSolve,classic,0.0007729158169240691,0.0007408703804685501,2.0090436009922996e-05,38.471828911145245
X31,NGSolve,robin_transconductance,0.00022470006297226064,0.00021061668485344853,7.87550197856035e-06,28.53152263614008
X31,EIDORS,classic,0.0005107750000000001,0.0003632437500000001,4.7443749999999984e-05,10.765906995125812
X31,EIDORS,robin_transconductance,0.00048861875,0.0004743375,3.96875e-06,123.11653543307085
X32,PyEIDORS/DOLFINx,classic,0.0008797203154244926,0.0008434049996139947,1.90181854122784e-05,46.256795606616244
X32,PyEIDORS/DOLFINx,robin_transconductance,0.00030645987681054976,0.0002808938170346664,1.165543835668359e-05,26.293294806438247
X32,NGSolve,classic,0.0008851011280057719,0.0008447113668808015,2.036856130871456e-05,43.454278119637586
X32,NGSolve,robin_transconductance,0.00026150012490688823,0.00024634537476231344,8.59174906508997e-06,30.436192086826253
X32,EIDORS,classic,0.000521,0.00037752500000000003,5.126875000000001e-05,10.162135803974154
X32,EIDORS,robin_transconductance,0.00046725625,0.0004550499999999999,4.8187499999999985e-06,96.96627756160834
X33,PyEIDORS/DOLFINx,classic,0.0015911976825009333,0.0014180934958858415,0.0002155663078156067,7.381476718810938
X33,PyEIDORS/DOLFINx,robin_transconductance,0.001203887381052482,0.0011497266314108856,2.858837069652509e-05,42.11108754087949
X33,NGSolve,classic,0.002197066189182806,0.0018708736843109364,0.0002808958106470527,7.821640999635387
X33,NGSolve,robin_transconductance,0.001405117869580863,0.0012236693110025954,3.0182187401806004e-05,46.55454062606428
X33,EIDORS,classic,0.00129415,0.0010150062499999998,0.00012746874999999998,10.152684481490564
X33,EIDORS,robin_transconductance,0.0013887687500000001,0.00123385625,0.0001594625,8.709061691620287
X34,PyEIDORS/DOLFINx,classic,0.0016410239968536189,0.0014614195060858037,0.00015312643699871842,10.716790836499078
X34,PyEIDORS/DOLFINx,robin_transconductance,0.0012181963138573337,0.0011511742522998247,2.1493371605174616e-05,56.67776727798481
X34,NGSolve,classic,0.0021775766890641535,0.0018694924383453326,0.0002809512479871046,7.750727945383971
X34,NGSolve,robin_transconductance,0.0016477600620419253,0.0013206532512413105,2.7528249120223336e-05,59.85706010017963
X34,EIDORS,classic,0.00110621875,0.0008662,0.0001501625,7.366810954798968
X34,EIDORS,robin_transconductance,0.0013117124999999998,0.00114975625,0.00011960625000000002,10.96692271515911
X35,PyEIDORS/DOLFINx,classic,0.0016423581237177132,0.001448023998818826,0.00022023818382876925,7.457190643174816
X35,PyEIDORS/DOLFINx,robin_transconductance,0.0011983943768427707,0.0011517683105921606,2.8669503080891445e-05,41.80031908685276
X35,NGSolve,classic,0.0022553013732249383,0.0018789731875585858,0.00027959349790762644,8.066358445753472
X35,NGSolve,robin_transconductance,0.0013982209293317283,0.0012825813118979568,2.701287121453788e-05,51.76128513799854
X35,EIDORS,classic,0.0011319062499999999,0.000883125,0.00012955,8.73721536086453
X35,EIDORS,robin_transconductance,0.00135965,0.00123623125,0.000129125,10.5297192642788
X36,PyEIDORS/DOLFINx,classic,0.0015949444969010074,0.0014147637502901489,0.00021657618890458252,7.3643575730464805
X36,PyEIDORS/DOLFINx,robin_transconductance,0.001149402434748481,0.0011094607507402543,2.994874921569135e-05,38.378979585106116
X36,NGSolve,classic,0.0022497837471746607,0.0019432927529123845,0.00028660300085903145,7.849826207092784
X36,NGSolve,robin_transconductance,0.001622469872017973,0.0013151713155821199,2.8741125788656063e-05,56.45115935779911
X36,EIDORS,classic,0.0012904375000000001,0.00102305625,0.0002029875,6.357226430198905
X36,EIDORS,robin_transconductance,0.0017269624999999998,0.00153905,0.00016316874999999998,10.583904699888919
X37,PyEIDORS/DOLFINx,classic,0.0016354369381588185,0.0014457301294896752,0.00022377637651516125,7.308353829064771
X37,PyEIDORS/DOLFINx,robin_transconductance,0.0012055835613864474,0.001151345066318754,2.6988496756530367e-05,44.670274608560185
X37,NGSolve,classic,0.00210142337527941,0.0018002959368459415,0.0002837962565536145,7.404690254899155
X37,NGSolve,robin_transconductance,0.0013991465002618497,0.0012723333056783304,2.8204687623656355e-05,49.606878081086485
X37,EIDORS,classic,0.00114615,0.0008892625,0.00015075625,7.602669872725012
X37,EIDORS,robin_transconductance,0.0017141687500000001,0.0015212000000000001,0.00013743125,12.472918277320478
X38,PyEIDORS/DOLFINx,classic,0.0016392768739024177,0.0014550536252500024,0.00021760006347903982,7.533439318414169
X38,PyEIDORS/DOLFINx,robin_transconductance,0.0011333243128319737,0.001094532934075687,2.6597750547807664e-05,42.6097805073741
X38,NGSolve,classic,0.00217932199666393,0.0018643851290107705,0.00028099612427467946,7.755701265593251
X38,NGSolve,robin_transconductance,0.002161869124392979,0.0013516262497432763,3.001656114065554e-05,72.02254496318245
X38,EIDORS,classic,0.00102920625,0.0008234124999999999,0.0001204875,8.54201680672269
X38,EIDORS,robin_transconductance,0.0012074125,0.0010797687500000003,0.00013746875,8.783177994998862
