id	file
V1	docs/spec/invariants/forward-fem.md
V2	docs/spec/invariants/forward-fem.md
V3	docs/spec/invariants/gui.md
V4	docs/spec/invariants/forward-fem.md
V5	docs/spec/invariants/forward-fem.md
V6	docs/spec/invariants/forward-fem.md
V7	docs/spec/invariants/inverse-reconstruction.md
V8	docs/spec/invariants/inverse-reconstruction.md
V9	docs/spec/invariants/inverse-reconstruction.md
V10	docs/spec/invariants/inverse-reconstruction.md
V11	docs/spec/invariants/inverse-reconstruction.md
V12	docs/spec/invariants/inverse-reconstruction.md
V13	docs/spec/invariants/forward-fem.md
V14	docs/spec/invariants/forward-fem.md
V15	docs/spec/invariants/inverse-reconstruction.md
V16	docs/spec/invariants/forward-fem.md
V17	docs/spec/invariants/forward-fem.md
V18	docs/spec/invariants/forward-fem.md
V19	docs/spec/invariants/gui.md
V20	docs/spec/invariants/inverse-reconstruction.md
V21	docs/spec/invariants/interop.md
V22	docs/spec/invariants/tooling-validation.md
V23	docs/spec/invariants/forward-fem.md
V24	docs/spec/invariants/forward-fem.md
V25	docs/spec/invariants/inverse-reconstruction.md
V26	docs/spec/invariants/inverse-reconstruction.md
V27	docs/spec/invariants/inverse-reconstruction.md
V28	docs/spec/invariants/inverse-reconstruction.md
V29	docs/spec/invariants/inverse-reconstruction.md
V30	docs/spec/invariants/inverse-reconstruction.md
V31	docs/spec/invariants/inverse-reconstruction.md
V32	docs/spec/invariants/inverse-reconstruction.md
V33	docs/spec/invariants/geometry-data.md
V34	docs/spec/invariants/inverse-reconstruction.md
V35	docs/spec/invariants/inverse-reconstruction.md
V36	docs/spec/invariants/inverse-reconstruction.md
V37	docs/spec/invariants/inverse-reconstruction.md
V38	docs/spec/invariants/inverse-reconstruction.md
V39	docs/spec/invariants/geometry-data.md
V40	docs/spec/invariants/inverse-reconstruction.md
V41	docs/spec/invariants/inverse-reconstruction.md
V42	docs/spec/invariants/gui.md
V43	docs/spec/invariants/forward-fem.md
V44	docs/spec/invariants/gui.md
V45	docs/spec/invariants/gui.md
V46	docs/spec/invariants/inverse-reconstruction.md
V47	docs/spec/invariants/forward-fem.md
V48	docs/spec/invariants/inverse-reconstruction.md
V49	docs/spec/invariants/inverse-reconstruction.md
V50	docs/spec/invariants/interop.md
V51	docs/spec/invariants/gui.md
V52	docs/spec/invariants/cache-performance.md
V53	docs/spec/invariants/gui.md
V54	docs/spec/invariants/gui.md
V55	docs/spec/invariants/inverse-reconstruction.md
V56	docs/spec/invariants/inverse-reconstruction.md
V57	docs/spec/invariants/inverse-reconstruction.md
V58	docs/spec/invariants/inverse-reconstruction.md
V59	docs/spec/invariants/inverse-reconstruction.md
V60	docs/spec/invariants/inverse-reconstruction.md
V61	docs/spec/invariants/inverse-reconstruction.md
V62	docs/spec/invariants/inverse-reconstruction.md
V63	docs/spec/invariants/inverse-reconstruction.md
V64	docs/spec/invariants/gui.md
V65	docs/spec/invariants/inverse-reconstruction.md
V66	docs/spec/invariants/forward-fem.md
V67	docs/spec/invariants/gui.md
V68	docs/spec/invariants/geometry-data.md
V69	docs/spec/invariants/gui.md
V70	docs/spec/invariants/geometry-data.md
V71	docs/spec/invariants/core-runtime.md
V72	docs/spec/invariants/gui.md
V73	docs/spec/invariants/inverse-reconstruction.md
V74	docs/spec/invariants/inverse-reconstruction.md
V75	docs/spec/invariants/inverse-reconstruction.md
V76	docs/spec/invariants/forward-fem.md
V77	docs/spec/invariants/inverse-reconstruction.md
V78	docs/spec/invariants/geometry-data.md
V79	docs/spec/invariants/gui.md
V80	docs/spec/invariants/cache-performance.md
V81	docs/spec/invariants/inverse-reconstruction.md
V82	docs/spec/invariants/gui.md
V83	docs/spec/invariants/gui.md
V84	docs/spec/invariants/gui.md
V85	docs/spec/invariants/forward-fem.md
V86	docs/spec/invariants/gui.md
V87	docs/spec/invariants/gui.md
V88	docs/spec/invariants/gui.md
V89	docs/spec/invariants/gui.md
V90	docs/spec/invariants/gui.md
V91	docs/spec/invariants/gui.md
V92	docs/spec/invariants/gui.md
V93	docs/spec/invariants/gui.md
V94	docs/spec/invariants/gui.md
V95	docs/spec/invariants/gui.md
V96	docs/spec/invariants/gui.md
V97	docs/spec/invariants/gui.md
V98	docs/spec/invariants/gui.md
V99	docs/spec/invariants/gui.md
V100	docs/spec/invariants/gui.md
V101	docs/spec/invariants/gui.md
V102	docs/spec/invariants/gui.md
V103	docs/spec/invariants/gui.md
V104	docs/spec/invariants/gui.md
V105	docs/spec/invariants/gui.md
V106	docs/spec/invariants/gui.md
V107	docs/spec/invariants/gui.md
V108	docs/spec/invariants/gui.md
V109	docs/spec/invariants/gui.md
V110	docs/spec/invariants/gui.md
V111	docs/spec/invariants/forward-fem.md
V112	docs/spec/invariants/gui.md
V113	docs/spec/invariants/gui.md
V114	docs/spec/invariants/gui.md
V115	docs/spec/invariants/gui.md
V116	docs/spec/invariants/gui.md
V117	docs/spec/invariants/gui.md
V118	docs/spec/invariants/gui.md
V119	docs/spec/invariants/gui.md
V120	docs/spec/invariants/gui.md
V121	docs/spec/invariants/inverse-reconstruction.md
V122	docs/spec/invariants/inverse-reconstruction.md
V123	docs/spec/invariants/inverse-reconstruction.md
V124	docs/spec/invariants/gui.md
V125	docs/spec/invariants/gui.md
V126	docs/spec/invariants/gui.md
V127	docs/spec/invariants/gui.md
V128	docs/spec/invariants/gui.md
V129	docs/spec/invariants/geometry-data.md
V130	docs/spec/invariants/tooling-validation.md
V131	docs/spec/invariants/forward-fem.md
V132	docs/spec/invariants/gui.md
V133	docs/spec/invariants/gui.md
V134	docs/spec/invariants/gui.md
V135	docs/spec/invariants/gui.md
V136	docs/spec/invariants/gui.md
V137	docs/spec/invariants/gui.md
V138	docs/spec/invariants/gui.md
V139	docs/spec/invariants/gui.md
V140	docs/spec/invariants/gui.md
V141	docs/spec/invariants/gui.md
V142	docs/spec/invariants/gui.md
V143	docs/spec/invariants/cache-performance.md
V144	docs/spec/invariants/forward-fem.md
V145	docs/spec/invariants/gui.md
V146	docs/spec/invariants/gui.md
V147	docs/spec/invariants/gui.md
V148	docs/spec/invariants/gui.md
V149	docs/spec/invariants/gui.md
V150	docs/spec/invariants/geometry-data.md
V151	docs/spec/invariants/gui.md
V152	docs/spec/invariants/inverse-reconstruction.md
V153	docs/spec/invariants/forward-fem.md
V154	docs/spec/invariants/forward-fem.md
V155	docs/spec/invariants/gui.md
V156	docs/spec/invariants/gui.md
V157	docs/spec/invariants/forward-fem.md
V158	docs/spec/invariants/forward-fem.md
V159	docs/spec/invariants/geometry-data.md
V160	docs/spec/invariants/cache-performance.md
V161	docs/spec/invariants/forward-fem.md
V162	docs/spec/invariants/inverse-reconstruction.md
V163	docs/spec/invariants/geometry-data.md
V164	docs/spec/invariants/inverse-reconstruction.md
V165	docs/spec/invariants/inverse-reconstruction.md
V166	docs/spec/invariants/inverse-reconstruction.md
V167	docs/spec/invariants/inverse-reconstruction.md
V168	docs/spec/invariants/inverse-reconstruction.md
V169	docs/spec/invariants/inverse-reconstruction.md
V170	docs/spec/invariants/forward-fem.md
V171	docs/spec/invariants/interop.md
V172	docs/spec/invariants/cache-performance.md
V173	docs/spec/invariants/cache-performance.md
V174	docs/spec/invariants/geometry-data.md
V175	docs/spec/invariants/gui.md
V176	docs/spec/invariants/gui.md
V177	docs/spec/invariants/inverse-reconstruction.md
V178	docs/spec/invariants/gui.md
V179	docs/spec/invariants/inverse-reconstruction.md
V180	docs/spec/invariants/inverse-reconstruction.md
V181	docs/spec/invariants/inverse-reconstruction.md
V182	docs/spec/invariants/gui.md
V183	docs/spec/invariants/gui.md
V184	docs/spec/invariants/gui.md
V185	docs/spec/invariants/gui.md
V186	docs/spec/invariants/gui.md
V187	docs/spec/invariants/gui.md
V188	docs/spec/invariants/gui.md
V189	docs/spec/invariants/gui.md
V190	docs/spec/invariants/gui.md
V191	docs/spec/invariants/gui.md
V192	docs/spec/invariants/gui.md
V193	docs/spec/invariants/gui.md
V194	docs/spec/invariants/gui.md
V195	docs/spec/invariants/gui.md
V196	docs/spec/invariants/gui.md
V197	docs/spec/invariants/gui.md
V198	docs/spec/invariants/gui.md
V199	docs/spec/invariants/gui.md
V200	docs/spec/invariants/gui.md
V201	docs/spec/invariants/gui.md
V202	docs/spec/invariants/gui.md
V203	docs/spec/invariants/gui.md
V204	docs/spec/invariants/gui.md
V205	docs/spec/invariants/gui.md
V206	docs/spec/invariants/gui.md
V207	docs/spec/invariants/gui.md
V208	docs/spec/invariants/gui.md
V209	docs/spec/invariants/gui.md
V210	docs/spec/invariants/gui.md
V211	docs/spec/invariants/inverse-reconstruction.md
V212	docs/spec/invariants/geometry-data.md
V213	docs/spec/invariants/inverse-reconstruction.md
V214	docs/spec/invariants/inverse-reconstruction.md
V215	docs/spec/invariants/inverse-reconstruction.md
V216	docs/spec/invariants/inverse-reconstruction.md
V217	docs/spec/invariants/inverse-reconstruction.md
V218	docs/spec/invariants/inverse-reconstruction.md
V219	docs/spec/invariants/inverse-reconstruction.md
V220	docs/spec/invariants/inverse-reconstruction.md
V221	docs/spec/invariants/inverse-reconstruction.md
V222	docs/spec/invariants/inverse-reconstruction.md
V223	docs/spec/invariants/gui.md
V224	docs/spec/invariants/inverse-reconstruction.md
V225	docs/spec/invariants/inverse-reconstruction.md
V226	docs/spec/invariants/geometry-data.md
V227	docs/spec/invariants/gui.md
V228	docs/spec/invariants/inverse-reconstruction.md
V229	docs/spec/invariants/inverse-reconstruction.md
V230	docs/spec/invariants/inverse-reconstruction.md
V231	docs/spec/invariants/inverse-reconstruction.md
V232	docs/spec/invariants/gui.md
V233	docs/spec/invariants/inverse-reconstruction.md
V234	docs/spec/invariants/inverse-reconstruction.md
V235	docs/spec/invariants/geometry-data.md
V236	docs/spec/invariants/inverse-reconstruction.md
V237	docs/spec/invariants/inverse-reconstruction.md
V238	docs/spec/invariants/forward-fem.md
V239	docs/spec/invariants/geometry-data.md
V240	docs/spec/invariants/geometry-data.md
V241	docs/spec/invariants/geometry-data.md
V242	docs/spec/invariants/geometry-data.md
V243	docs/spec/invariants/geometry-data.md
V244	docs/spec/invariants/geometry-data.md
V245	docs/spec/invariants/cache-performance.md
V246	docs/spec/invariants/cache-performance.md
V247	docs/spec/invariants/cache-performance.md
V248	docs/spec/invariants/inverse-reconstruction.md
V249	docs/spec/invariants/inverse-reconstruction.md
V250	docs/spec/invariants/inverse-reconstruction.md
V251	docs/spec/invariants/inverse-reconstruction.md
V252	docs/spec/invariants/gui.md
V253	docs/spec/invariants/gui.md
V254	docs/spec/invariants/cache-performance.md
V255	docs/spec/invariants/gui.md
V256	docs/spec/invariants/inverse-reconstruction.md
V257	docs/spec/invariants/cache-performance.md
V258	docs/spec/invariants/forward-fem.md
V259	docs/spec/invariants/inverse-reconstruction.md
V260	docs/spec/invariants/gui.md
V261	docs/spec/invariants/cache-performance.md
V262	docs/spec/invariants/gui.md
V263	docs/spec/invariants/inverse-reconstruction.md
V264	docs/spec/invariants/inverse-reconstruction.md
V265	docs/spec/invariants/geometry-data.md
V266	docs/spec/invariants/gui.md
V267	docs/spec/invariants/inverse-reconstruction.md
V268	docs/spec/invariants/gui.md
V269	docs/spec/invariants/inverse-reconstruction.md
V270	docs/spec/invariants/cache-performance.md
V271	docs/spec/invariants/inverse-reconstruction.md
V272	docs/spec/invariants/forward-fem.md
V273	docs/spec/invariants/gui.md
V274	docs/spec/invariants/gui.md
V275	docs/spec/invariants/inverse-reconstruction.md
V276	docs/spec/invariants/inverse-reconstruction.md
V277	docs/spec/invariants/inverse-reconstruction.md
V278	docs/spec/invariants/inverse-reconstruction.md
V279	docs/spec/invariants/inverse-reconstruction.md
V280	docs/spec/invariants/inverse-reconstruction.md
V281	docs/spec/invariants/inverse-reconstruction.md
V282	docs/spec/invariants/inverse-reconstruction.md
V283	docs/spec/invariants/inverse-reconstruction.md
V284	docs/spec/invariants/inverse-reconstruction.md
V285	docs/spec/invariants/gui.md
V286	docs/spec/invariants/inverse-reconstruction.md
V287	docs/spec/invariants/inverse-reconstruction.md
V288	docs/spec/invariants/inverse-reconstruction.md
V289	docs/spec/invariants/geometry-data.md
V290	docs/spec/invariants/inverse-reconstruction.md
V291	docs/spec/invariants/inverse-reconstruction.md
V292	docs/spec/invariants/inverse-reconstruction.md
V293	docs/spec/invariants/inverse-reconstruction.md
V294	docs/spec/invariants/inverse-reconstruction.md
V295	docs/spec/invariants/inverse-reconstruction.md
V296	docs/spec/invariants/geometry-data.md
V297	docs/spec/invariants/geometry-data.md
V298	docs/spec/invariants/geometry-data.md
V299	docs/spec/invariants/geometry-data.md
V300	docs/spec/invariants/interop.md
V301	docs/spec/invariants/geometry-data.md
V302	docs/spec/invariants/geometry-data.md
V303	docs/spec/invariants/gui.md
V304	docs/spec/invariants/geometry-data.md
V305	docs/spec/invariants/inverse-reconstruction.md
V306	docs/spec/invariants/inverse-reconstruction.md
V307	docs/spec/invariants/gui.md
V308	docs/spec/invariants/gui.md
V309	docs/spec/invariants/geometry-data.md
V310	docs/spec/invariants/gui.md
V311	docs/spec/invariants/inverse-reconstruction.md
V312	docs/spec/invariants/geometry-data.md
V313	docs/spec/invariants/geometry-data.md
V314	docs/spec/invariants/gui.md
V315	docs/spec/invariants/gui.md
V316	docs/spec/invariants/gui.md
V317	docs/spec/invariants/gui.md
V318	docs/spec/invariants/cache-performance.md
V319	docs/spec/invariants/gui.md
V320	docs/spec/invariants/gui.md
V321	docs/spec/invariants/gui.md
V322	docs/spec/invariants/gui.md
V323	docs/spec/invariants/gui.md
V324	docs/spec/invariants/gui.md
V325	docs/spec/invariants/gui.md
V326	docs/spec/invariants/gui.md
V327	docs/spec/invariants/gui.md
V328	docs/spec/invariants/gui.md
V329	docs/spec/invariants/gui.md
V330	docs/spec/invariants/gui.md
V331	docs/spec/invariants/gui.md
V332	docs/spec/invariants/gui.md
V333	docs/spec/invariants/gui.md
V334	docs/spec/invariants/gui.md
V335	docs/spec/invariants/gui.md
V336	docs/spec/invariants/gui.md
V337	docs/spec/invariants/gui.md
V338	docs/spec/invariants/gui.md
V339	docs/spec/invariants/gui.md
V340	docs/spec/invariants/gui.md
V341	docs/spec/invariants/gui.md
V342	docs/spec/invariants/gui.md
V343	docs/spec/invariants/gui.md
V344	docs/spec/invariants/gui.md
V345	docs/spec/invariants/gui.md
V346	docs/spec/invariants/gui.md
V347	docs/spec/invariants/gui.md
V348	docs/spec/invariants/gui.md
V349	docs/spec/invariants/gui.md
V350	docs/spec/invariants/gui.md
V351	docs/spec/invariants/gui.md
V352	docs/spec/invariants/gui.md
V353	docs/spec/invariants/gui.md
V354	docs/spec/invariants/gui.md
V355	docs/spec/invariants/gui.md
V356	docs/spec/invariants/gui.md
V357	docs/spec/invariants/gui.md
V358	docs/spec/invariants/gui.md
V359	docs/spec/invariants/gui.md
V360	docs/spec/invariants/gui.md
V361	docs/spec/invariants/gui.md
V362	docs/spec/invariants/gui.md
V363	docs/spec/invariants/gui.md
V364	docs/spec/invariants/gui.md
V365	docs/spec/invariants/gui.md
V366	docs/spec/invariants/gui.md
V367	docs/spec/invariants/gui.md
V368	docs/spec/invariants/gui.md
V369	docs/spec/invariants/gui.md
V370	docs/spec/invariants/gui.md
V371	docs/spec/invariants/gui.md
V372	docs/spec/invariants/gui.md
V373	docs/spec/invariants/gui.md
V374	docs/spec/invariants/gui.md
V375	docs/spec/invariants/gui.md
V376	docs/spec/invariants/gui.md
V377	docs/spec/invariants/gui.md
V378	docs/spec/invariants/gui.md
V379	docs/spec/invariants/gui.md
V380	docs/spec/invariants/gui.md
V381	docs/spec/invariants/gui.md
V382	docs/spec/invariants/gui.md
V383	docs/spec/invariants/gui.md
V384	docs/spec/invariants/gui.md
V385	docs/spec/invariants/gui.md
V386	docs/spec/invariants/gui.md
V387	docs/spec/invariants/gui.md
V388	docs/spec/invariants/gui.md
V389	docs/spec/invariants/gui.md
V390	docs/spec/invariants/gui.md
V391	docs/spec/invariants/gui.md
V392	docs/spec/invariants/gui.md
V393	docs/spec/invariants/gui.md
V394	docs/spec/invariants/geometry-data.md
V395	docs/spec/invariants/geometry-data.md
V396	docs/spec/invariants/geometry-data.md
V397	docs/spec/invariants/forward-fem.md
V398	docs/spec/invariants/cache-performance.md
V399	docs/spec/invariants/inverse-reconstruction.md
V400	docs/spec/invariants/inverse-reconstruction.md
V401	docs/spec/invariants/inverse-reconstruction.md
V402	docs/spec/invariants/inverse-reconstruction.md
V403	docs/spec/invariants/inverse-reconstruction.md
V404	docs/spec/invariants/gui.md
V405	docs/spec/invariants/inverse-reconstruction.md
V406	docs/spec/invariants/inverse-reconstruction.md
V407	docs/spec/invariants/inverse-reconstruction.md
V408	docs/spec/invariants/inverse-reconstruction.md
V409	docs/spec/invariants/inverse-reconstruction.md
V410	docs/spec/invariants/inverse-reconstruction.md
V411	docs/spec/invariants/inverse-reconstruction.md
V412	docs/spec/invariants/inverse-reconstruction.md
V413	docs/spec/invariants/cache-performance.md
V414	docs/spec/invariants/geometry-data.md
V415	docs/spec/invariants/inverse-reconstruction.md
V416	docs/spec/invariants/gui.md
V417	docs/spec/invariants/forward-fem.md
V418	docs/spec/invariants/inverse-reconstruction.md
V419	docs/spec/invariants/geometry-data.md
V420	docs/spec/invariants/inverse-reconstruction.md
V421	docs/spec/invariants/inverse-reconstruction.md
V422	docs/spec/invariants/inverse-reconstruction.md
V423	docs/spec/invariants/geometry-data.md
V424	docs/spec/invariants/geometry-data.md
V425	docs/spec/invariants/inverse-reconstruction.md
V426	docs/spec/invariants/gui.md
V427	docs/spec/invariants/gui.md
V428	docs/spec/invariants/gui.md
V429	docs/spec/invariants/gui.md
V430	docs/spec/invariants/gui.md
V431	docs/spec/invariants/geometry-data.md
V432	docs/spec/invariants/inverse-reconstruction.md
V433	docs/spec/invariants/gui.md
V434	docs/spec/invariants/gui.md
V435	docs/spec/invariants/gui.md
V436	docs/spec/invariants/gui.md
V437	docs/spec/invariants/gui.md
V438	docs/spec/invariants/gui.md
V439	docs/spec/invariants/inverse-reconstruction.md
V440	docs/spec/invariants/inverse-reconstruction.md
V441	docs/spec/invariants/gui.md
V442	docs/spec/invariants/gui.md
V443	docs/spec/invariants/inverse-reconstruction.md
V444	docs/spec/invariants/inverse-reconstruction.md
V445	docs/spec/invariants/inverse-reconstruction.md
V446	docs/spec/invariants/inverse-reconstruction.md
V447	docs/spec/invariants/gui.md
V448	docs/spec/invariants/inverse-reconstruction.md
V449	docs/spec/invariants/inverse-reconstruction.md
V450	docs/spec/invariants/gui.md
V451	docs/spec/invariants/inverse-reconstruction.md
V452	docs/spec/invariants/inverse-reconstruction.md
V453	docs/spec/invariants/inverse-reconstruction.md
V454	docs/spec/invariants/inverse-reconstruction.md
V455	docs/spec/invariants/inverse-reconstruction.md
V456	docs/spec/invariants/inverse-reconstruction.md
V457	docs/spec/invariants/inverse-reconstruction.md
V458	docs/spec/invariants/inverse-reconstruction.md
V459	docs/spec/invariants/inverse-reconstruction.md
V460	docs/spec/invariants/inverse-reconstruction.md
V461	docs/spec/invariants/inverse-reconstruction.md
V462	docs/spec/invariants/inverse-reconstruction.md
V463	docs/spec/invariants/inverse-reconstruction.md
V464	docs/spec/invariants/inverse-reconstruction.md
V465	docs/spec/invariants/inverse-reconstruction.md
V466	docs/spec/invariants/inverse-reconstruction.md
V467	docs/spec/invariants/inverse-reconstruction.md
V468	docs/spec/invariants/inverse-reconstruction.md
V469	docs/spec/invariants/inverse-reconstruction.md
V470	docs/spec/invariants/inverse-reconstruction.md
V471	docs/spec/invariants/gui.md
V472	docs/spec/invariants/gui.md
V473	docs/spec/invariants/gui.md
V474	docs/spec/invariants/gui.md
V475	docs/spec/invariants/gui.md
V476	docs/spec/invariants/forward-fem.md
V477	docs/spec/invariants/gui.md
V478	docs/spec/invariants/gui.md
V479	docs/spec/invariants/gui.md
V480	docs/spec/invariants/inverse-reconstruction.md
V481	docs/spec/invariants/inverse-reconstruction.md
V482	docs/spec/invariants/inverse-reconstruction.md
V483	docs/spec/invariants/inverse-reconstruction.md
V484	docs/spec/invariants/geometry-data.md
V485	docs/spec/invariants/cache-performance.md
V486	docs/spec/invariants/inverse-reconstruction.md
V487	docs/spec/invariants/geometry-data.md
V488	docs/spec/invariants/inverse-reconstruction.md
V489	docs/spec/invariants/inverse-reconstruction.md
V490	docs/spec/invariants/inverse-reconstruction.md
V491	docs/spec/invariants/inverse-reconstruction.md
V492	docs/spec/invariants/inverse-reconstruction.md
V493	docs/spec/invariants/gui.md
V494	docs/spec/invariants/inverse-reconstruction.md
V495	docs/spec/invariants/inverse-reconstruction.md
V496	docs/spec/invariants/geometry-data.md
V497	docs/spec/invariants/geometry-data.md
V498	docs/spec/invariants/inverse-reconstruction.md
V499	docs/spec/invariants/inverse-reconstruction.md
V500	docs/spec/invariants/inverse-reconstruction.md
V501	docs/spec/invariants/gui.md
V502	docs/spec/invariants/geometry-data.md
V503	docs/spec/invariants/geometry-data.md
V504	docs/spec/invariants/inverse-reconstruction.md
V505	docs/spec/invariants/inverse-reconstruction.md
V506	docs/spec/invariants/inverse-reconstruction.md
V507	docs/spec/invariants/inverse-reconstruction.md
V508	docs/spec/invariants/inverse-reconstruction.md
V509	docs/spec/invariants/gui.md
V510	docs/spec/invariants/inverse-reconstruction.md
V511	docs/spec/invariants/inverse-reconstruction.md
V512	docs/spec/invariants/gui.md
V513	docs/spec/invariants/inverse-reconstruction.md
V514	docs/spec/invariants/inverse-reconstruction.md
V515	docs/spec/invariants/inverse-reconstruction.md
V516	docs/spec/invariants/geometry-data.md
V517	docs/spec/invariants/inverse-reconstruction.md
V518	docs/spec/invariants/inverse-reconstruction.md
V519	docs/spec/invariants/inverse-reconstruction.md
V520	docs/spec/invariants/inverse-reconstruction.md
V521	docs/spec/invariants/inverse-reconstruction.md
V522	docs/spec/invariants/cache-performance.md
V523	docs/spec/invariants/cache-performance.md
V524	docs/spec/invariants/cache-performance.md
V525	docs/spec/invariants/cache-performance.md
V526	docs/spec/invariants/cache-performance.md
V527	docs/spec/invariants/cache-performance.md
V528	docs/spec/invariants/geometry-data.md
V529	docs/spec/invariants/inverse-reconstruction.md
V530	docs/spec/invariants/cache-performance.md
V531	docs/spec/invariants/geometry-data.md
V532	docs/spec/invariants/cache-performance.md
V533	docs/spec/invariants/cache-performance.md
V534	docs/spec/invariants/cache-performance.md
V535	docs/spec/invariants/inverse-reconstruction.md
V536	docs/spec/invariants/inverse-reconstruction.md
V537	docs/spec/invariants/cache-performance.md
V538	docs/spec/invariants/inverse-reconstruction.md
V539	docs/spec/invariants/geometry-data.md
V540	docs/spec/invariants/cache-performance.md
V541	docs/spec/invariants/cache-performance.md
V542	docs/spec/invariants/geometry-data.md
V543	docs/spec/invariants/cache-performance.md
V544	docs/spec/invariants/geometry-data.md
V545	docs/spec/invariants/inverse-reconstruction.md
V546	docs/spec/invariants/inverse-reconstruction.md
V547	docs/spec/invariants/gui.md
V548	docs/spec/invariants/gui.md
V549	docs/spec/invariants/cache-performance.md
V550	docs/spec/invariants/gui.md
V551	docs/spec/invariants/geometry-data.md
V552	docs/spec/invariants/inverse-reconstruction.md
V553	docs/spec/invariants/geometry-data.md
V554	docs/spec/invariants/inverse-reconstruction.md
V555	docs/spec/invariants/inverse-reconstruction.md
V556	docs/spec/invariants/gui.md
V557	docs/spec/invariants/inverse-reconstruction.md
V558	docs/spec/invariants/inverse-reconstruction.md
V559	docs/spec/invariants/gui.md
V560	docs/spec/invariants/gui.md
V561	docs/spec/invariants/gui.md
V562	docs/spec/invariants/geometry-data.md
V563	docs/spec/invariants/gui.md
V564	docs/spec/invariants/geometry-data.md
V565	docs/spec/invariants/geometry-data.md
V566	docs/spec/invariants/gui.md
V567	docs/spec/invariants/gui.md
V568	docs/spec/invariants/gui.md
V569	docs/spec/invariants/gui.md
V570	docs/spec/invariants/geometry-data.md
V571	docs/spec/invariants/cache-performance.md
V572	docs/spec/invariants/gui.md
V573	docs/spec/invariants/inverse-reconstruction.md
V574	docs/spec/invariants/inverse-reconstruction.md
V575	docs/spec/invariants/cache-performance.md
V576	docs/spec/invariants/gui.md
V577	docs/spec/invariants/gui.md
V578	docs/spec/invariants/geometry-data.md
V579	docs/spec/invariants/inverse-reconstruction.md
V580	docs/spec/invariants/cache-performance.md
V581	docs/spec/invariants/geometry-data.md
V582	docs/spec/invariants/inverse-reconstruction.md
V583	docs/spec/invariants/inverse-reconstruction.md
V584	docs/spec/invariants/inverse-reconstruction.md
V585	docs/spec/invariants/cache-performance.md
V586	docs/spec/invariants/inverse-reconstruction.md
V587	docs/spec/invariants/inverse-reconstruction.md
V588	docs/spec/invariants/inverse-reconstruction.md
V589	docs/spec/invariants/inverse-reconstruction.md
V590	docs/spec/invariants/gui.md
V591	docs/spec/invariants/gui.md
V592	docs/spec/invariants/forward-fem.md
V593	docs/spec/invariants/forward-fem.md
V594	docs/spec/invariants/inverse-reconstruction.md
V595	docs/spec/invariants/inverse-reconstruction.md
V596	docs/spec/invariants/inverse-reconstruction.md
V597	docs/spec/invariants/inverse-reconstruction.md
V598	docs/spec/invariants/inverse-reconstruction.md
V599	docs/spec/invariants/inverse-reconstruction.md
V600	docs/spec/invariants/gui.md
V601	docs/spec/invariants/gui.md
V602	docs/spec/invariants/gui.md
V603	docs/spec/invariants/gui.md
V604	docs/spec/invariants/gui.md
V605	docs/spec/invariants/inverse-reconstruction.md
V606	docs/spec/invariants/geometry-data.md
V607	docs/spec/invariants/forward-fem.md
V608	docs/spec/invariants/gui.md
V609	docs/spec/invariants/gui.md
V610	docs/spec/invariants/gui.md
V611	docs/spec/invariants/inverse-reconstruction.md
V612	docs/spec/invariants/gui.md
V613	docs/spec/invariants/inverse-reconstruction.md
V614	docs/spec/invariants/inverse-reconstruction.md
V615	docs/spec/invariants/inverse-reconstruction.md
V616	docs/spec/invariants/inverse-reconstruction.md
V617	docs/spec/invariants/inverse-reconstruction.md
V618	docs/spec/invariants/gui.md
V619	docs/spec/invariants/interop.md
V620	docs/spec/invariants/gui.md
V621	docs/spec/invariants/gui.md
V622	docs/spec/invariants/gui.md
V623	docs/spec/invariants/gui.md
V624	docs/spec/invariants/gui.md
V625	docs/spec/invariants/gui.md
V626	docs/spec/invariants/gui.md
V627	docs/spec/invariants/gui.md
V628	docs/spec/invariants/gui.md
V629	docs/spec/invariants/gui.md
V630	docs/spec/invariants/gui.md
V631	docs/spec/invariants/gui.md
V632	docs/spec/invariants/gui.md
V633	docs/spec/invariants/forward-fem.md
V634	docs/spec/invariants/inverse-reconstruction.md
V635	docs/spec/invariants/inverse-reconstruction.md
V636	docs/spec/invariants/geometry-data.md
V637	docs/spec/invariants/tooling-validation.md
V638	docs/spec/invariants/tooling-validation.md
V639	docs/spec/invariants/gui.md
V640	docs/spec/invariants/core-runtime.md
V641	docs/spec/invariants/inverse-reconstruction.md
V642	docs/spec/invariants/forward-fem.md
V643	docs/spec/invariants/forward-fem.md
V644	docs/spec/invariants/inverse-reconstruction.md
V645	docs/spec/invariants/geometry-data.md
V646	docs/spec/invariants/forward-fem.md
V647	docs/spec/invariants/forward-fem.md
V648	docs/spec/invariants/forward-fem.md
V649	docs/spec/invariants/tooling-validation.md
V650	docs/spec/invariants/gui.md
V651	docs/spec/invariants/gui.md
V652	docs/spec/invariants/gui.md
V653	docs/spec/invariants/gui.md
V654	docs/spec/invariants/gui.md
V655	docs/spec/invariants/gui.md
V656	docs/spec/invariants/gui.md
V657	docs/spec/invariants/gui.md
V658	docs/spec/invariants/gui.md
V659	docs/spec/invariants/gui.md
V660	docs/spec/invariants/forward-fem.md
V661	docs/spec/invariants/forward-fem.md
V662	docs/spec/invariants/forward-fem.md
V663	docs/spec/invariants/gui.md
V664	docs/spec/invariants/forward-fem.md
V665	docs/spec/invariants/core-runtime.md
V666	docs/spec/invariants/inverse-reconstruction.md
V667	docs/spec/invariants/gui.md
V668	docs/spec/invariants/gui.md
V669	docs/spec/invariants/gui.md
V670	docs/spec/invariants/gui.md
V671	docs/spec/invariants/gui.md
V672	docs/spec/invariants/tooling-validation.md
V673	docs/spec/invariants/gui.md
V674	docs/spec/invariants/inverse-reconstruction.md
V675	docs/spec/invariants/gui.md
V676	docs/spec/invariants/gui.md
V677	docs/spec/invariants/gui.md
V678	docs/spec/invariants/gui.md
V679	docs/spec/invariants/gui.md
V680	docs/spec/invariants/tooling-validation.md
V681	docs/spec/invariants/gui.md
V682	docs/spec/invariants/gui.md
V683	docs/spec/invariants/forward-fem.md
V684	docs/spec/invariants/core-runtime.md
V685	docs/spec/invariants/forward-fem.md
V686	docs/spec/invariants/interop.md
V687	docs/spec/invariants/interop.md
V688	docs/spec/invariants/interop.md
V689	docs/spec/invariants/interop.md
V690	docs/spec/invariants/forward-fem.md
V691	docs/spec/invariants/tooling-validation.md
V692	docs/spec/invariants/forward-fem.md
V693	docs/spec/invariants/forward-fem.md
V694	docs/spec/invariants/forward-fem.md
V695	docs/spec/invariants/interop.md
V696	docs/spec/invariants/geometry-data.md
V697	docs/spec/invariants/cache-performance.md
V698	docs/spec/invariants/interop.md
V699	docs/spec/invariants/geometry-data.md
V700	docs/spec/invariants/cache-performance.md
V701	docs/spec/invariants/geometry-data.md
V702	docs/spec/invariants/forward-fem.md
V703	docs/spec/invariants/interop.md
V704	docs/spec/invariants/cache-performance.md
V705	docs/spec/invariants/cache-performance.md
V706	docs/spec/invariants/forward-fem.md
V707	docs/spec/invariants/forward-fem.md
V708	docs/spec/invariants/cache-performance.md
V709	docs/spec/invariants/interop.md
V710	docs/spec/invariants/forward-fem.md
V711	docs/spec/invariants/forward-fem.md
V712	docs/spec/invariants/geometry-data.md
V713	docs/spec/invariants/interop.md
V714	docs/spec/invariants/cache-performance.md
V715	docs/spec/invariants/forward-fem.md
V716	docs/spec/invariants/cache-performance.md
V717	docs/spec/invariants/geometry-data.md
V718	docs/spec/invariants/cache-performance.md
V719	docs/spec/invariants/cache-performance.md
V720	docs/spec/invariants/cache-performance.md
V721	docs/spec/invariants/cache-performance.md
V722	docs/spec/invariants/cache-performance.md
V723	docs/spec/invariants/cache-performance.md
V724	docs/spec/invariants/cache-performance.md
V725	docs/spec/invariants/cache-performance.md
V726	docs/spec/invariants/cache-performance.md
V727	docs/spec/invariants/interop.md
V728	docs/spec/invariants/geometry-data.md
V729	docs/spec/invariants/interop.md
V730	docs/spec/invariants/cache-performance.md
V731	docs/spec/invariants/cache-performance.md
V732	docs/spec/invariants/cache-performance.md
V733	docs/spec/invariants/gui.md
V734	docs/spec/invariants/gui.md
V735	docs/spec/invariants/interop.md
V736	docs/spec/invariants/gui.md
V737	docs/spec/invariants/gui.md
V738	docs/spec/invariants/interop.md
V739	docs/spec/invariants/interop.md
V740	docs/spec/invariants/interop.md
V741	docs/spec/invariants/gui.md
V742	docs/spec/invariants/gui.md
V743	docs/spec/invariants/gui.md
V744	docs/spec/invariants/gui.md
V745	docs/spec/invariants/gui.md
V746	docs/spec/invariants/gui.md
V747	docs/spec/invariants/interop.md
V748	docs/spec/invariants/gui.md
V749	docs/spec/invariants/gui.md
V750	docs/spec/invariants/gui.md
V751	docs/spec/invariants/geometry-data.md
V752	docs/spec/invariants/gui.md
V753	docs/spec/invariants/gui.md
V754	docs/spec/invariants/interop.md
V755	docs/spec/invariants/gui.md
V756	docs/spec/invariants/interop.md
V757	docs/spec/invariants/gui.md
V758	docs/spec/invariants/gui.md
V759	docs/spec/invariants/gui.md
V760	docs/spec/invariants/gui.md
V761	docs/spec/invariants/gui.md
V762	docs/spec/invariants/interop.md
V763	docs/spec/invariants/gui.md
V764	docs/spec/invariants/interop.md
V765	docs/spec/invariants/interop.md
V766	docs/spec/invariants/tooling-validation.md
V767	docs/spec/invariants/gui.md
V768	docs/spec/invariants/forward-fem.md
V769	docs/spec/invariants/geometry-data.md
V770	docs/spec/invariants/cache-performance.md
V771	docs/spec/invariants/forward-fem.md
V772	docs/spec/invariants/gui.md
V773	docs/spec/invariants/tooling-validation.md
V774	docs/spec/invariants/cache-performance.md
V775	docs/spec/invariants/gui.md
V776	docs/spec/invariants/interop.md
V777	docs/spec/invariants/tooling-validation.md
V778	docs/spec/invariants/core-runtime.md
V779	docs/spec/invariants/tooling-validation.md
T1	docs/spec/history/tasks-completed.md
T2	SPEC.md
T3	SPEC.md
T4	docs/spec/history/tasks-completed.md
T5	docs/spec/history/tasks-completed.md
T6	docs/spec/history/tasks-completed.md
T7	SPEC.md
T8	docs/spec/history/tasks-completed.md
T9	docs/spec/history/tasks-completed.md
T10	docs/spec/history/tasks-completed.md
T11	SPEC.md
T12	docs/spec/history/tasks-completed.md
T13	docs/spec/history/tasks-completed.md
T14	docs/spec/history/tasks-completed.md
T15	docs/spec/history/tasks-completed.md
T16	docs/spec/history/tasks-completed.md
T17	docs/spec/history/tasks-completed.md
T18	docs/spec/history/tasks-completed.md
T19	docs/spec/history/tasks-completed.md
T20	docs/spec/history/tasks-completed.md
T21	docs/spec/history/tasks-completed.md
T22	docs/spec/history/tasks-completed.md
T23	docs/spec/history/tasks-completed.md
T24	docs/spec/history/tasks-completed.md
T25	docs/spec/history/tasks-completed.md
T26	docs/spec/history/tasks-completed.md
T27	SPEC.md
T28	SPEC.md
T29	docs/spec/history/tasks-completed.md
T30	docs/spec/history/tasks-completed.md
T31	docs/spec/history/tasks-completed.md
T32	docs/spec/history/tasks-completed.md
T33	docs/spec/history/tasks-completed.md
T34	docs/spec/history/tasks-completed.md
T35	docs/spec/history/tasks-completed.md
T36	docs/spec/history/tasks-completed.md
T37	docs/spec/history/tasks-completed.md
T38	docs/spec/history/tasks-completed.md
T39	docs/spec/history/tasks-completed.md
T40	docs/spec/history/tasks-completed.md
T41	docs/spec/history/tasks-completed.md
T42	docs/spec/history/tasks-completed.md
T43	docs/spec/history/tasks-completed.md
T44	docs/spec/history/tasks-completed.md
T45	docs/spec/history/tasks-completed.md
T46	docs/spec/history/tasks-completed.md
T47	docs/spec/history/tasks-completed.md
T48	docs/spec/history/tasks-completed.md
T49	docs/spec/history/tasks-completed.md
T50	docs/spec/history/tasks-completed.md
T51	docs/spec/history/tasks-completed.md
T52	docs/spec/history/tasks-completed.md
T53	docs/spec/history/tasks-completed.md
T54	docs/spec/history/tasks-completed.md
T55	docs/spec/history/tasks-completed.md
T56	docs/spec/history/tasks-completed.md
T57	docs/spec/history/tasks-completed.md
T58	docs/spec/history/tasks-completed.md
T59	docs/spec/history/tasks-completed.md
T60	docs/spec/history/tasks-completed.md
T61	docs/spec/history/tasks-completed.md
T62	docs/spec/history/tasks-completed.md
T63	docs/spec/history/tasks-completed.md
T64	docs/spec/history/tasks-completed.md
T65	docs/spec/history/tasks-completed.md
T66	docs/spec/history/tasks-completed.md
T67	docs/spec/history/tasks-completed.md
T68	SPEC.md
T69	docs/spec/history/tasks-completed.md
T70	SPEC.md
T71	docs/spec/history/tasks-completed.md
T72	docs/spec/history/tasks-completed.md
T73	docs/spec/history/tasks-completed.md
T74	docs/spec/history/tasks-completed.md
T75	docs/spec/history/tasks-completed.md
T76	docs/spec/history/tasks-completed.md
T77	docs/spec/history/tasks-completed.md
T78	docs/spec/history/tasks-completed.md
T79	docs/spec/history/tasks-completed.md
T80	docs/spec/history/tasks-completed.md
T81	docs/spec/history/tasks-completed.md
T82	docs/spec/history/tasks-completed.md
T83	docs/spec/history/tasks-completed.md
T84	docs/spec/history/tasks-completed.md
T85	docs/spec/history/tasks-completed.md
T86	docs/spec/history/tasks-completed.md
T87	docs/spec/history/tasks-completed.md
T88	docs/spec/history/tasks-completed.md
T89	docs/spec/history/tasks-completed.md
T90	docs/spec/history/tasks-completed.md
T91	docs/spec/history/tasks-completed.md
T92	docs/spec/history/tasks-completed.md
T93	docs/spec/history/tasks-completed.md
T94	docs/spec/history/tasks-completed.md
T95	docs/spec/history/tasks-completed.md
T96	docs/spec/history/tasks-completed.md
T97	SPEC.md
T98	docs/spec/history/tasks-completed.md
T99	docs/spec/history/tasks-completed.md
T100	docs/spec/history/tasks-completed.md
T101	docs/spec/history/tasks-completed.md
T102	docs/spec/history/tasks-completed.md
T103	docs/spec/history/tasks-completed.md
T104	docs/spec/history/tasks-completed.md
T105	docs/spec/history/tasks-completed.md
T106	docs/spec/history/tasks-completed.md
T107	docs/spec/history/tasks-completed.md
T108	docs/spec/history/tasks-completed.md
T109	docs/spec/history/tasks-completed.md
T110	docs/spec/history/tasks-completed.md
T111	docs/spec/history/tasks-completed.md
T112	docs/spec/history/tasks-completed.md
T113	docs/spec/history/tasks-completed.md
T114	docs/spec/history/tasks-completed.md
T115	docs/spec/history/tasks-completed.md
T116	docs/spec/history/tasks-completed.md
T117	docs/spec/history/tasks-completed.md
T118	docs/spec/history/tasks-completed.md
T119	docs/spec/history/tasks-completed.md
T120	docs/spec/history/tasks-completed.md
T121	docs/spec/history/tasks-completed.md
T122	docs/spec/history/tasks-completed.md
T123	docs/spec/history/tasks-completed.md
T124	docs/spec/history/tasks-completed.md
T125	docs/spec/history/tasks-completed.md
T126	docs/spec/history/tasks-completed.md
T127	docs/spec/history/tasks-completed.md
T128	docs/spec/history/tasks-completed.md
T129	docs/spec/history/tasks-completed.md
T130	docs/spec/history/tasks-completed.md
T131	docs/spec/history/tasks-completed.md
T132	docs/spec/history/tasks-completed.md
T133	docs/spec/history/tasks-completed.md
T134	docs/spec/history/tasks-completed.md
T135	docs/spec/history/tasks-completed.md
T136	docs/spec/history/tasks-completed.md
T137	docs/spec/history/tasks-completed.md
T138	docs/spec/history/tasks-completed.md
T139	docs/spec/history/tasks-completed.md
T140	docs/spec/history/tasks-completed.md
T141	docs/spec/history/tasks-completed.md
T142	docs/spec/history/tasks-completed.md
T143	docs/spec/history/tasks-completed.md
T144	docs/spec/history/tasks-completed.md
T145	docs/spec/history/tasks-completed.md
T146	docs/spec/history/tasks-completed.md
T147	docs/spec/history/tasks-completed.md
T148	docs/spec/history/tasks-completed.md
T149	docs/spec/history/tasks-completed.md
T150	docs/spec/history/tasks-completed.md
T151	docs/spec/history/tasks-completed.md
T152	docs/spec/history/tasks-completed.md
T153	docs/spec/history/tasks-completed.md
T154	docs/spec/history/tasks-completed.md
T155	docs/spec/history/tasks-completed.md
T156	docs/spec/history/tasks-completed.md
T157	docs/spec/history/tasks-completed.md
T158	docs/spec/history/tasks-completed.md
T159	docs/spec/history/tasks-completed.md
T160	docs/spec/history/tasks-completed.md
T161	docs/spec/history/tasks-completed.md
T162	docs/spec/history/tasks-completed.md
T163	docs/spec/history/tasks-completed.md
T164	docs/spec/history/tasks-completed.md
T165	docs/spec/history/tasks-completed.md
T166	docs/spec/history/tasks-completed.md
T167	docs/spec/history/tasks-completed.md
T168	docs/spec/history/tasks-completed.md
T169	docs/spec/history/tasks-completed.md
T170	docs/spec/history/tasks-completed.md
T171	docs/spec/history/tasks-completed.md
T172	docs/spec/history/tasks-completed.md
T173	docs/spec/history/tasks-completed.md
T174	docs/spec/history/tasks-completed.md
T175	docs/spec/history/tasks-completed.md
T176	docs/spec/history/tasks-completed.md
T177	docs/spec/history/tasks-completed.md
T178	docs/spec/history/tasks-completed.md
T179	docs/spec/history/tasks-completed.md
T180	docs/spec/history/tasks-completed.md
T181	docs/spec/history/tasks-completed.md
T182	docs/spec/history/tasks-completed.md
T183	docs/spec/history/tasks-completed.md
T184	docs/spec/history/tasks-completed.md
T185	docs/spec/history/tasks-completed.md
T186	docs/spec/history/tasks-completed.md
T187	docs/spec/history/tasks-completed.md
T188	docs/spec/history/tasks-completed.md
T189	docs/spec/history/tasks-completed.md
T190	docs/spec/history/tasks-completed.md
T191	docs/spec/history/tasks-completed.md
T192	docs/spec/history/tasks-completed.md
T193	docs/spec/history/tasks-completed.md
T194	docs/spec/history/tasks-completed.md
T195	docs/spec/history/tasks-completed.md
T196	docs/spec/history/tasks-completed.md
T197	docs/spec/history/tasks-completed.md
T198	docs/spec/history/tasks-completed.md
T199	docs/spec/history/tasks-completed.md
T200	docs/spec/history/tasks-completed.md
T201	docs/spec/history/tasks-completed.md
T202	docs/spec/history/tasks-completed.md
T203	docs/spec/history/tasks-completed.md
T204	docs/spec/history/tasks-completed.md
T205	docs/spec/history/tasks-completed.md
T206	docs/spec/history/tasks-completed.md
T207	docs/spec/history/tasks-completed.md
T208	docs/spec/history/tasks-completed.md
T209	docs/spec/history/tasks-completed.md
T210	docs/spec/history/tasks-completed.md
T211	docs/spec/history/tasks-completed.md
T212	docs/spec/history/tasks-completed.md
T213	docs/spec/history/tasks-completed.md
T214	docs/spec/history/tasks-completed.md
T215	docs/spec/history/tasks-completed.md
T216	docs/spec/history/tasks-completed.md
T217	docs/spec/history/tasks-completed.md
T218	docs/spec/history/tasks-completed.md
T219	docs/spec/history/tasks-completed.md
T220	docs/spec/history/tasks-completed.md
T221	docs/spec/history/tasks-completed.md
T222	docs/spec/history/tasks-completed.md
T223	docs/spec/history/tasks-completed.md
T224	docs/spec/history/tasks-completed.md
T225	docs/spec/history/tasks-completed.md
T226	docs/spec/history/tasks-completed.md
T227	docs/spec/history/tasks-completed.md
T228	docs/spec/history/tasks-completed.md
T229	docs/spec/history/tasks-completed.md
T230	docs/spec/history/tasks-completed.md
T231	docs/spec/history/tasks-completed.md
T232	docs/spec/history/tasks-completed.md
T233	docs/spec/history/tasks-completed.md
T234	docs/spec/history/tasks-completed.md
T235	docs/spec/history/tasks-completed.md
T236	docs/spec/history/tasks-completed.md
T237	docs/spec/history/tasks-completed.md
T238	docs/spec/history/tasks-completed.md
T239	docs/spec/history/tasks-completed.md
T240	docs/spec/history/tasks-completed.md
T241	docs/spec/history/tasks-completed.md
T242	docs/spec/history/tasks-completed.md
T243	docs/spec/history/tasks-completed.md
T244	docs/spec/history/tasks-completed.md
T245	docs/spec/history/tasks-completed.md
T246	docs/spec/history/tasks-completed.md
T247	docs/spec/history/tasks-completed.md
T248	docs/spec/history/tasks-completed.md
T249	docs/spec/history/tasks-completed.md
T250	docs/spec/history/tasks-completed.md
T251	docs/spec/history/tasks-completed.md
T252	docs/spec/history/tasks-completed.md
T253	docs/spec/history/tasks-completed.md
T254	docs/spec/history/tasks-completed.md
T255	docs/spec/history/tasks-completed.md
T256	docs/spec/history/tasks-completed.md
T257	docs/spec/history/tasks-completed.md
T258	docs/spec/history/tasks-completed.md
T259	docs/spec/history/tasks-completed.md
T260	docs/spec/history/tasks-completed.md
T261	docs/spec/history/tasks-completed.md
T262	docs/spec/history/tasks-completed.md
T263	docs/spec/history/tasks-completed.md
T264	docs/spec/history/tasks-completed.md
T265	docs/spec/history/tasks-completed.md
T266	docs/spec/history/tasks-completed.md
T267	docs/spec/history/tasks-completed.md
T268	docs/spec/history/tasks-completed.md
T269	docs/spec/history/tasks-completed.md
T270	docs/spec/history/tasks-completed.md
T271	docs/spec/history/tasks-completed.md
T272	docs/spec/history/tasks-completed.md
T273	docs/spec/history/tasks-completed.md
T274	docs/spec/history/tasks-completed.md
T275	docs/spec/history/tasks-completed.md
T276	docs/spec/history/tasks-completed.md
T277	docs/spec/history/tasks-completed.md
T278	docs/spec/history/tasks-completed.md
T279	docs/spec/history/tasks-completed.md
T280	docs/spec/history/tasks-completed.md
T281	docs/spec/history/tasks-completed.md
T282	docs/spec/history/tasks-completed.md
T283	docs/spec/history/tasks-completed.md
T284	docs/spec/history/tasks-completed.md
T285	docs/spec/history/tasks-completed.md
T286	docs/spec/history/tasks-completed.md
T287	docs/spec/history/tasks-completed.md
T288	docs/spec/history/tasks-completed.md
T289	docs/spec/history/tasks-completed.md
T290	docs/spec/history/tasks-completed.md
T291	docs/spec/history/tasks-completed.md
T292	docs/spec/history/tasks-completed.md
T293	docs/spec/history/tasks-completed.md
T294	docs/spec/history/tasks-completed.md
T295	docs/spec/history/tasks-completed.md
T296	docs/spec/history/tasks-completed.md
T297	docs/spec/history/tasks-completed.md
T298	docs/spec/history/tasks-completed.md
T299	docs/spec/history/tasks-completed.md
T300	docs/spec/history/tasks-completed.md
T301	docs/spec/history/tasks-completed.md
T302	docs/spec/history/tasks-completed.md
T303	docs/spec/history/tasks-completed.md
T304	docs/spec/history/tasks-completed.md
T305	docs/spec/history/tasks-completed.md
T306	docs/spec/history/tasks-completed.md
T307	docs/spec/history/tasks-completed.md
T308	docs/spec/history/tasks-completed.md
T309	docs/spec/history/tasks-completed.md
T310	docs/spec/history/tasks-completed.md
T311	docs/spec/history/tasks-completed.md
T312	docs/spec/history/tasks-completed.md
T313	docs/spec/history/tasks-completed.md
T314	docs/spec/history/tasks-completed.md
T315	docs/spec/history/tasks-completed.md
T316	docs/spec/history/tasks-completed.md
T317	docs/spec/history/tasks-completed.md
T318	docs/spec/history/tasks-completed.md
T319	docs/spec/history/tasks-completed.md
T320	docs/spec/history/tasks-completed.md
T321	docs/spec/history/tasks-completed.md
T322	docs/spec/history/tasks-completed.md
T323	docs/spec/history/tasks-completed.md
T324	docs/spec/history/tasks-completed.md
T325	docs/spec/history/tasks-completed.md
T326	docs/spec/history/tasks-completed.md
T327	docs/spec/history/tasks-completed.md
T328	docs/spec/history/tasks-completed.md
T329	docs/spec/history/tasks-completed.md
T330	docs/spec/history/tasks-completed.md
T331	docs/spec/history/tasks-completed.md
T332	docs/spec/history/tasks-completed.md
T333	docs/spec/history/tasks-completed.md
T334	docs/spec/history/tasks-completed.md
T335	docs/spec/history/tasks-completed.md
T336	docs/spec/history/tasks-completed.md
T337	docs/spec/history/tasks-completed.md
T338	docs/spec/history/tasks-completed.md
T339	docs/spec/history/tasks-completed.md
T340	docs/spec/history/tasks-completed.md
T341	docs/spec/history/tasks-completed.md
T342	docs/spec/history/tasks-completed.md
T343	docs/spec/history/tasks-completed.md
T344	docs/spec/history/tasks-completed.md
T345	docs/spec/history/tasks-completed.md
T346	docs/spec/history/tasks-completed.md
T347	docs/spec/history/tasks-completed.md
T348	docs/spec/history/tasks-completed.md
T349	docs/spec/history/tasks-completed.md
T350	docs/spec/history/tasks-completed.md
T351	docs/spec/history/tasks-completed.md
T352	docs/spec/history/tasks-completed.md
T353	docs/spec/history/tasks-completed.md
T354	docs/spec/history/tasks-completed.md
T355	docs/spec/history/tasks-completed.md
T356	docs/spec/history/tasks-completed.md
T357	docs/spec/history/tasks-completed.md
T358	docs/spec/history/tasks-completed.md
T359	docs/spec/history/tasks-completed.md
T360	docs/spec/history/tasks-completed.md
T361	docs/spec/history/tasks-completed.md
T362	docs/spec/history/tasks-completed.md
T363	docs/spec/history/tasks-completed.md
T364	docs/spec/history/tasks-completed.md
T365	docs/spec/history/tasks-completed.md
T366	docs/spec/history/tasks-completed.md
T367	docs/spec/history/tasks-completed.md
T368	docs/spec/history/tasks-completed.md
T369	docs/spec/history/tasks-completed.md
T370	docs/spec/history/tasks-completed.md
T371	docs/spec/history/tasks-completed.md
T372	docs/spec/history/tasks-completed.md
T373	docs/spec/history/tasks-completed.md
T374	docs/spec/history/tasks-completed.md
T375	docs/spec/history/tasks-completed.md
T376	docs/spec/history/tasks-completed.md
T377	docs/spec/history/tasks-completed.md
T378	docs/spec/history/tasks-completed.md
T379	docs/spec/history/tasks-completed.md
T380	docs/spec/history/tasks-completed.md
T381	docs/spec/history/tasks-completed.md
T382	docs/spec/history/tasks-completed.md
T383	docs/spec/history/tasks-completed.md
T384	docs/spec/history/tasks-completed.md
T385	docs/spec/history/tasks-completed.md
T386	docs/spec/history/tasks-completed.md
T387	docs/spec/history/tasks-completed.md
T388	docs/spec/history/tasks-completed.md
T389	docs/spec/history/tasks-completed.md
T390	docs/spec/history/tasks-completed.md
T391	docs/spec/history/tasks-completed.md
T392	docs/spec/history/tasks-completed.md
T393	docs/spec/history/tasks-completed.md
T394	docs/spec/history/tasks-completed.md
T395	docs/spec/history/tasks-completed.md
T396	docs/spec/history/tasks-completed.md
T397	docs/spec/history/tasks-completed.md
T398	docs/spec/history/tasks-completed.md
T399	docs/spec/history/tasks-completed.md
T400	docs/spec/history/tasks-completed.md
T401	docs/spec/history/tasks-completed.md
T402	docs/spec/history/tasks-completed.md
T403	docs/spec/history/tasks-completed.md
T404	docs/spec/history/tasks-completed.md
T405	docs/spec/history/tasks-completed.md
T406	docs/spec/history/tasks-completed.md
T407	docs/spec/history/tasks-completed.md
T408	docs/spec/history/tasks-completed.md
T409	docs/spec/history/tasks-completed.md
T410	docs/spec/history/tasks-completed.md
T411	docs/spec/history/tasks-completed.md
T412	docs/spec/history/tasks-completed.md
T413	docs/spec/history/tasks-completed.md
T414	docs/spec/history/tasks-completed.md
T415	docs/spec/history/tasks-completed.md
T416	docs/spec/history/tasks-completed.md
T417	docs/spec/history/tasks-completed.md
T418	docs/spec/history/tasks-completed.md
T419	docs/spec/history/tasks-completed.md
T420	docs/spec/history/tasks-completed.md
T421	docs/spec/history/tasks-completed.md
T422	docs/spec/history/tasks-completed.md
T423	docs/spec/history/tasks-completed.md
T424	docs/spec/history/tasks-completed.md
T425	docs/spec/history/tasks-completed.md
T426	docs/spec/history/tasks-completed.md
T427	docs/spec/history/tasks-completed.md
T428	docs/spec/history/tasks-completed.md
T429	docs/spec/history/tasks-completed.md
T430	docs/spec/history/tasks-completed.md
T431	docs/spec/history/tasks-completed.md
T432	docs/spec/history/tasks-completed.md
T433	docs/spec/history/tasks-completed.md
T434	docs/spec/history/tasks-completed.md
T435	docs/spec/history/tasks-completed.md
T436	docs/spec/history/tasks-completed.md
T437	docs/spec/history/tasks-completed.md
T438	docs/spec/history/tasks-completed.md
T439	docs/spec/history/tasks-completed.md
T440	docs/spec/history/tasks-completed.md
T441	docs/spec/history/tasks-completed.md
T442	docs/spec/history/tasks-completed.md
T443	docs/spec/history/tasks-completed.md
T444	docs/spec/history/tasks-completed.md
T445	docs/spec/history/tasks-completed.md
T446	docs/spec/history/tasks-completed.md
T447	docs/spec/history/tasks-completed.md
T448	docs/spec/history/tasks-completed.md
T449	docs/spec/history/tasks-completed.md
T450	docs/spec/history/tasks-completed.md
T451	docs/spec/history/tasks-completed.md
T452	docs/spec/history/tasks-completed.md
T453	docs/spec/history/tasks-completed.md
T454	docs/spec/history/tasks-completed.md
T455	docs/spec/history/tasks-completed.md
T456	docs/spec/history/tasks-completed.md
T457	docs/spec/history/tasks-completed.md
T458	docs/spec/history/tasks-completed.md
T459	docs/spec/history/tasks-completed.md
T460	docs/spec/history/tasks-completed.md
T461	docs/spec/history/tasks-completed.md
T462	docs/spec/history/tasks-completed.md
T463	docs/spec/history/tasks-completed.md
T464	docs/spec/history/tasks-completed.md
T465	docs/spec/history/tasks-completed.md
T466	docs/spec/history/tasks-completed.md
T467	docs/spec/history/tasks-completed.md
T468	docs/spec/history/tasks-completed.md
T469	docs/spec/history/tasks-completed.md
T470	docs/spec/history/tasks-completed.md
T471	docs/spec/history/tasks-completed.md
T472	docs/spec/history/tasks-completed.md
T473	docs/spec/history/tasks-completed.md
T474	docs/spec/history/tasks-completed.md
T475	docs/spec/history/tasks-completed.md
T476	docs/spec/history/tasks-completed.md
T477	docs/spec/history/tasks-completed.md
T478	docs/spec/history/tasks-completed.md
T479	docs/spec/history/tasks-completed.md
T480	docs/spec/history/tasks-completed.md
T481	docs/spec/history/tasks-completed.md
T482	docs/spec/history/tasks-completed.md
T483	docs/spec/history/tasks-completed.md
T484	docs/spec/history/tasks-completed.md
T485	docs/spec/history/tasks-completed.md
T486	docs/spec/history/tasks-completed.md
T487	docs/spec/history/tasks-completed.md
T488	docs/spec/history/tasks-completed.md
T489	docs/spec/history/tasks-completed.md
T490	docs/spec/history/tasks-completed.md
T491	docs/spec/history/tasks-completed.md
T492	docs/spec/history/tasks-completed.md
T493	docs/spec/history/tasks-completed.md
T494	docs/spec/history/tasks-completed.md
T495	docs/spec/history/tasks-completed.md
T496	docs/spec/history/tasks-completed.md
T497	docs/spec/history/tasks-completed.md
T498	docs/spec/history/tasks-completed.md
T499	docs/spec/history/tasks-completed.md
T500	docs/spec/history/tasks-completed.md
T501	docs/spec/history/tasks-completed.md
T502	docs/spec/history/tasks-completed.md
T503	docs/spec/history/tasks-completed.md
T504	docs/spec/history/tasks-completed.md
T505	docs/spec/history/tasks-completed.md
T506	docs/spec/history/tasks-completed.md
T507	docs/spec/history/tasks-completed.md
T508	docs/spec/history/tasks-completed.md
T509	docs/spec/history/tasks-completed.md
T510	docs/spec/history/tasks-completed.md
T511	docs/spec/history/tasks-completed.md
T512	docs/spec/history/tasks-completed.md
T513	docs/spec/history/tasks-completed.md
T514	docs/spec/history/tasks-completed.md
T515	docs/spec/history/tasks-completed.md
T516	docs/spec/history/tasks-completed.md
T517	docs/spec/history/tasks-completed.md
T518	docs/spec/history/tasks-completed.md
T519	docs/spec/history/tasks-completed.md
T520	docs/spec/history/tasks-completed.md
T521	docs/spec/history/tasks-completed.md
T522	docs/spec/history/tasks-completed.md
T523	docs/spec/history/tasks-completed.md
T524	docs/spec/history/tasks-completed.md
T525	docs/spec/history/tasks-completed.md
T526	docs/spec/history/tasks-completed.md
T527	docs/spec/history/tasks-completed.md
T528	docs/spec/history/tasks-completed.md
T529	docs/spec/history/tasks-completed.md
T530	docs/spec/history/tasks-completed.md
T531	docs/spec/history/tasks-completed.md
T532	docs/spec/history/tasks-completed.md
T533	docs/spec/history/tasks-completed.md
T534	docs/spec/history/tasks-completed.md
T535	docs/spec/history/tasks-completed.md
T536	docs/spec/history/tasks-completed.md
T537	docs/spec/history/tasks-completed.md
T538	docs/spec/history/tasks-completed.md
T539	docs/spec/history/tasks-completed.md
T540	docs/spec/history/tasks-completed.md
T541	docs/spec/history/tasks-completed.md
T542	docs/spec/history/tasks-completed.md
T543	docs/spec/history/tasks-completed.md
T544	docs/spec/history/tasks-completed.md
T545	docs/spec/history/tasks-completed.md
T546	docs/spec/history/tasks-completed.md
T547	docs/spec/history/tasks-completed.md
T548	docs/spec/history/tasks-completed.md
T549	docs/spec/history/tasks-completed.md
T550	docs/spec/history/tasks-completed.md
T551	docs/spec/history/tasks-completed.md
T552	docs/spec/history/tasks-completed.md
T553	docs/spec/history/tasks-completed.md
T554	docs/spec/history/tasks-completed.md
T555	docs/spec/history/tasks-completed.md
T556	docs/spec/history/tasks-completed.md
T557	docs/spec/history/tasks-completed.md
T558	docs/spec/history/tasks-completed.md
T559	docs/spec/history/tasks-completed.md
T560	docs/spec/history/tasks-completed.md
T561	docs/spec/history/tasks-completed.md
T562	docs/spec/history/tasks-completed.md
T563	docs/spec/history/tasks-completed.md
T564	docs/spec/history/tasks-completed.md
T565	docs/spec/history/tasks-completed.md
T566	docs/spec/history/tasks-completed.md
T567	docs/spec/history/tasks-completed.md
T568	docs/spec/history/tasks-completed.md
T569	docs/spec/history/tasks-completed.md
T570	docs/spec/history/tasks-completed.md
T571	docs/spec/history/tasks-completed.md
T572	docs/spec/history/tasks-completed.md
T573	docs/spec/history/tasks-completed.md
T574	docs/spec/history/tasks-completed.md
T575	docs/spec/history/tasks-completed.md
T576	docs/spec/history/tasks-completed.md
T577	docs/spec/history/tasks-completed.md
T578	docs/spec/history/tasks-completed.md
T579	docs/spec/history/tasks-completed.md
T580	docs/spec/history/tasks-completed.md
T581	docs/spec/history/tasks-completed.md
T582	docs/spec/history/tasks-completed.md
T583	docs/spec/history/tasks-completed.md
T584	docs/spec/history/tasks-completed.md
T585	SPEC.md
T586	docs/spec/history/tasks-completed.md
T587	docs/spec/history/tasks-completed.md
T588	docs/spec/history/tasks-completed.md
T589	docs/spec/history/tasks-completed.md
T590	docs/spec/history/tasks-completed.md
T591	docs/spec/history/tasks-completed.md
T592	docs/spec/history/tasks-completed.md
T593	docs/spec/history/tasks-completed.md
T594	docs/spec/history/tasks-completed.md
T595	docs/spec/history/tasks-completed.md
T596	docs/spec/history/tasks-completed.md
T597	docs/spec/history/tasks-completed.md
T598	docs/spec/history/tasks-completed.md
T599	docs/spec/history/tasks-completed.md
T600	docs/spec/history/tasks-completed.md
T601	docs/spec/history/tasks-completed.md
T602	docs/spec/history/tasks-completed.md
T603	docs/spec/history/tasks-completed.md
T604	docs/spec/history/tasks-completed.md
T605	docs/spec/history/tasks-completed.md
T606	docs/spec/history/tasks-completed.md
T607	docs/spec/history/tasks-completed.md
T608	docs/spec/history/tasks-completed.md
T609	docs/spec/history/tasks-completed.md
T610	docs/spec/history/tasks-completed.md
T611	docs/spec/history/tasks-completed.md
T612	docs/spec/history/tasks-completed.md
T613	docs/spec/history/tasks-completed.md
T614	docs/spec/history/tasks-completed.md
T615	docs/spec/history/tasks-completed.md
T616	SPEC.md
B1	docs/spec/history/bugs.md
B2	docs/spec/history/bugs.md
B3	docs/spec/history/bugs.md
B4	docs/spec/history/bugs.md
B5	docs/spec/history/bugs.md
B6	docs/spec/history/bugs.md
B7	docs/spec/history/bugs.md
B8	docs/spec/history/bugs.md
B9	docs/spec/history/bugs.md
B10	docs/spec/history/bugs.md
B11	docs/spec/history/bugs.md
B12	docs/spec/history/bugs.md
B13	docs/spec/history/bugs.md
B14	docs/spec/history/bugs.md
B15	docs/spec/history/bugs.md
B16	docs/spec/history/bugs.md
B17	docs/spec/history/bugs.md
B18	docs/spec/history/bugs.md
B19	docs/spec/history/bugs.md
B20	docs/spec/history/bugs.md
B21	docs/spec/history/bugs.md
B22	docs/spec/history/bugs.md
B23	docs/spec/history/bugs.md
B24	docs/spec/history/bugs.md
B25	docs/spec/history/bugs.md
B26	docs/spec/history/bugs.md
B27	docs/spec/history/bugs.md
B28	docs/spec/history/bugs.md
B29	docs/spec/history/bugs.md
B30	docs/spec/history/bugs.md
B31	docs/spec/history/bugs.md
B32	docs/spec/history/bugs.md
B33	docs/spec/history/bugs.md
B34	docs/spec/history/bugs.md
B35	docs/spec/history/bugs.md
B36	docs/spec/history/bugs.md
B37	docs/spec/history/bugs.md
B38	docs/spec/history/bugs.md
B39	docs/spec/history/bugs.md
B40	docs/spec/history/bugs.md
B41	docs/spec/history/bugs.md
B42	docs/spec/history/bugs.md
B43	docs/spec/history/bugs.md
B44	docs/spec/history/bugs.md
B45	docs/spec/history/bugs.md
B46	docs/spec/history/bugs.md
B47	docs/spec/history/bugs.md
B48	docs/spec/history/bugs.md
B49	docs/spec/history/bugs.md
B50	docs/spec/history/bugs.md
B51	docs/spec/history/bugs.md
B52	docs/spec/history/bugs.md
B53	docs/spec/history/bugs.md
B54	docs/spec/history/bugs.md
B55	docs/spec/history/bugs.md
B56	docs/spec/history/bugs.md
B57	docs/spec/history/bugs.md
B58	docs/spec/history/bugs.md
B59	docs/spec/history/bugs.md
B60	docs/spec/history/bugs.md
B61	docs/spec/history/bugs.md
B62	docs/spec/history/bugs.md
B63	docs/spec/history/bugs.md
B64	docs/spec/history/bugs.md
B65	docs/spec/history/bugs.md
B66	docs/spec/history/bugs.md
B67	docs/spec/history/bugs.md
B68	docs/spec/history/bugs.md
B69	docs/spec/history/bugs.md
B70	docs/spec/history/bugs.md
B71	docs/spec/history/bugs.md
B72	docs/spec/history/bugs.md
B73	docs/spec/history/bugs.md
B74	docs/spec/history/bugs.md
B75	docs/spec/history/bugs.md
B76	docs/spec/history/bugs.md
B77	docs/spec/history/bugs.md
B78	docs/spec/history/bugs.md
B79	docs/spec/history/bugs.md
B80	docs/spec/history/bugs.md
B81	docs/spec/history/bugs.md
B82	docs/spec/history/bugs.md
B83	docs/spec/history/bugs.md
B84	docs/spec/history/bugs.md
B85	docs/spec/history/bugs.md
B86	docs/spec/history/bugs.md
B87	docs/spec/history/bugs.md
B88	docs/spec/history/bugs.md
B89	docs/spec/history/bugs.md
B90	docs/spec/history/bugs.md
B91	docs/spec/history/bugs.md
B92	docs/spec/history/bugs.md
B93	docs/spec/history/bugs.md
B94	docs/spec/history/bugs.md
B95	docs/spec/history/bugs.md
B96	docs/spec/history/bugs.md
B97	docs/spec/history/bugs.md
B98	docs/spec/history/bugs.md
B99	docs/spec/history/bugs.md
B100	docs/spec/history/bugs.md
B101	docs/spec/history/bugs.md
B102	docs/spec/history/bugs.md
B103	docs/spec/history/bugs.md
B104	docs/spec/history/bugs.md
B105	docs/spec/history/bugs.md
B106	docs/spec/history/bugs.md
B107	docs/spec/history/bugs.md
B108	docs/spec/history/bugs.md
B109	docs/spec/history/bugs.md
B110	docs/spec/history/bugs.md
B111	docs/spec/history/bugs.md
B112	docs/spec/history/bugs.md
B113	docs/spec/history/bugs.md
B114	docs/spec/history/bugs.md
B115	docs/spec/history/bugs.md
B116	docs/spec/history/bugs.md
B117	docs/spec/history/bugs.md
B118	docs/spec/history/bugs.md
B119	docs/spec/history/bugs.md
B120	docs/spec/history/bugs.md
B121	docs/spec/history/bugs.md
B122	docs/spec/history/bugs.md
B123	docs/spec/history/bugs.md
B124	docs/spec/history/bugs.md
B125	docs/spec/history/bugs.md
B126	docs/spec/history/bugs.md
B127	docs/spec/history/bugs.md
B128	docs/spec/history/bugs.md
B129	docs/spec/history/bugs.md
B130	docs/spec/history/bugs.md
B131	docs/spec/history/bugs.md
B132	docs/spec/history/bugs.md
B133	docs/spec/history/bugs.md
B134	docs/spec/history/bugs.md
B135	docs/spec/history/bugs.md
B136	docs/spec/history/bugs.md
B137	docs/spec/history/bugs.md
B138	docs/spec/history/bugs.md
B139	docs/spec/history/bugs.md
B140	docs/spec/history/bugs.md
B141	docs/spec/history/bugs.md
B142	docs/spec/history/bugs.md
B143	docs/spec/history/bugs.md
B144	docs/spec/history/bugs.md
B145	docs/spec/history/bugs.md
B146	docs/spec/history/bugs.md
B147	docs/spec/history/bugs.md
B148	docs/spec/history/bugs.md
B149	docs/spec/history/bugs.md
B150	docs/spec/history/bugs.md
B151	docs/spec/history/bugs.md
B152	docs/spec/history/bugs.md
B153	docs/spec/history/bugs.md
B154	docs/spec/history/bugs.md
B155	docs/spec/history/bugs.md
B156	docs/spec/history/bugs.md
B157	docs/spec/history/bugs.md
B158	docs/spec/history/bugs.md
B159	docs/spec/history/bugs.md
B160	docs/spec/history/bugs.md
B161	docs/spec/history/bugs.md
B162	docs/spec/history/bugs.md
B163	docs/spec/history/bugs.md
B164	docs/spec/history/bugs.md
B165	docs/spec/history/bugs.md
B166	docs/spec/history/bugs.md
B167	docs/spec/history/bugs.md
B168	docs/spec/history/bugs.md
B169	docs/spec/history/bugs.md
B170	docs/spec/history/bugs.md
B171	docs/spec/history/bugs.md
B172	docs/spec/history/bugs.md
B173	docs/spec/history/bugs.md
B174	docs/spec/history/bugs.md
B175	docs/spec/history/bugs.md
B176	docs/spec/history/bugs.md
B177	docs/spec/history/bugs.md
B178	docs/spec/history/bugs.md
B179	docs/spec/history/bugs.md
B180	docs/spec/history/bugs.md
B181	docs/spec/history/bugs.md
B182	docs/spec/history/bugs.md
B183	docs/spec/history/bugs.md
B184	docs/spec/history/bugs.md
B185	docs/spec/history/bugs.md
B186	docs/spec/history/bugs.md
B187	docs/spec/history/bugs.md
B188	docs/spec/history/bugs.md
B189	docs/spec/history/bugs.md
B190	docs/spec/history/bugs.md
B191	docs/spec/history/bugs.md
B192	docs/spec/history/bugs.md
B193	docs/spec/history/bugs.md
B194	docs/spec/history/bugs.md
B195	docs/spec/history/bugs.md
B196	docs/spec/history/bugs.md
B197	docs/spec/history/bugs.md
B198	docs/spec/history/bugs.md
B199	docs/spec/history/bugs.md
B200	docs/spec/history/bugs.md
B201	docs/spec/history/bugs.md
B202	docs/spec/history/bugs.md
B203	docs/spec/history/bugs.md
B204	docs/spec/history/bugs.md
B205	docs/spec/history/bugs.md
B206	docs/spec/history/bugs.md
B207	docs/spec/history/bugs.md
B208	docs/spec/history/bugs.md
B209	docs/spec/history/bugs.md
B210	docs/spec/history/bugs.md
B211	docs/spec/history/bugs.md
B212	docs/spec/history/bugs.md
B213	docs/spec/history/bugs.md
B214	docs/spec/history/bugs.md
B215	docs/spec/history/bugs.md
B216	docs/spec/history/bugs.md
B217	docs/spec/history/bugs.md
B218	docs/spec/history/bugs.md
B219	docs/spec/history/bugs.md
B220	docs/spec/history/bugs.md
B221	docs/spec/history/bugs.md
B222	docs/spec/history/bugs.md
B223	docs/spec/history/bugs.md
B224	docs/spec/history/bugs.md
B225	docs/spec/history/bugs.md
B226	docs/spec/history/bugs.md
B227	docs/spec/history/bugs.md
B228	docs/spec/history/bugs.md
B229	docs/spec/history/bugs.md
B230	docs/spec/history/bugs.md
B231	docs/spec/history/bugs.md
B232	docs/spec/history/bugs.md
B233	docs/spec/history/bugs.md
B234	docs/spec/history/bugs.md
B235	docs/spec/history/bugs.md
B236	docs/spec/history/bugs.md
B237	docs/spec/history/bugs.md
B238	docs/spec/history/bugs.md
B239	docs/spec/history/bugs.md
B240	docs/spec/history/bugs.md
B241	docs/spec/history/bugs.md
B242	docs/spec/history/bugs.md
B243	docs/spec/history/bugs.md
B244	docs/spec/history/bugs.md
B245	docs/spec/history/bugs.md
B246	docs/spec/history/bugs.md
B247	docs/spec/history/bugs.md
B248	docs/spec/history/bugs.md
B249	docs/spec/history/bugs.md
B250	docs/spec/history/bugs.md
B251	docs/spec/history/bugs.md
B252	docs/spec/history/bugs.md
B253	docs/spec/history/bugs.md
B254	docs/spec/history/bugs.md
B255	docs/spec/history/bugs.md
B256	docs/spec/history/bugs.md
B257	docs/spec/history/bugs.md
B258	docs/spec/history/bugs.md
B259	docs/spec/history/bugs.md
B260	docs/spec/history/bugs.md
B261	docs/spec/history/bugs.md
B262	docs/spec/history/bugs.md
B263	docs/spec/history/bugs.md
B264	docs/spec/history/bugs.md
B265	docs/spec/history/bugs.md
B266	docs/spec/history/bugs.md
B267	docs/spec/history/bugs.md
B268	docs/spec/history/bugs.md
B269	docs/spec/history/bugs.md
B270	docs/spec/history/bugs.md
B271	docs/spec/history/bugs.md
B272	docs/spec/history/bugs.md
B273	docs/spec/history/bugs.md
B274	docs/spec/history/bugs.md
B275	docs/spec/history/bugs.md
B276	docs/spec/history/bugs.md
B277	docs/spec/history/bugs.md
B278	docs/spec/history/bugs.md
B279	docs/spec/history/bugs.md
B280	docs/spec/history/bugs.md
B281	docs/spec/history/bugs.md
B282	docs/spec/history/bugs.md
B283	docs/spec/history/bugs.md
B284	docs/spec/history/bugs.md
B285	docs/spec/history/bugs.md
B286	docs/spec/history/bugs.md
B287	docs/spec/history/bugs.md
B288	docs/spec/history/bugs.md
B289	docs/spec/history/bugs.md
B290	docs/spec/history/bugs.md
B291	docs/spec/history/bugs.md
B292	docs/spec/history/bugs.md
B293	docs/spec/history/bugs.md
B294	docs/spec/history/bugs.md
B295	docs/spec/history/bugs.md
B296	docs/spec/history/bugs.md
B297	docs/spec/history/bugs.md
B298	docs/spec/history/bugs.md
B299	docs/spec/history/bugs.md
B300	docs/spec/history/bugs.md
B301	docs/spec/history/bugs.md
B302	docs/spec/history/bugs.md
B303	docs/spec/history/bugs.md
B304	docs/spec/history/bugs.md
B305	docs/spec/history/bugs.md
B306	docs/spec/history/bugs.md
B307	docs/spec/history/bugs.md
B308	docs/spec/history/bugs.md
B309	docs/spec/history/bugs.md
B310	docs/spec/history/bugs.md
B311	docs/spec/history/bugs.md
B312	docs/spec/history/bugs.md
B313	docs/spec/history/bugs.md
B314	docs/spec/history/bugs.md
B315	docs/spec/history/bugs.md
B316	docs/spec/history/bugs.md
B317	docs/spec/history/bugs.md
B318	docs/spec/history/bugs.md
B319	docs/spec/history/bugs.md
B320	docs/spec/history/bugs.md
B321	docs/spec/history/bugs.md
B322	docs/spec/history/bugs.md
B323	docs/spec/history/bugs.md
B324	docs/spec/history/bugs.md
B325	docs/spec/history/bugs.md
B326	docs/spec/history/bugs.md
B327	docs/spec/history/bugs.md
B328	docs/spec/history/bugs.md
B329	docs/spec/history/bugs.md
B330	docs/spec/history/bugs.md
B331	docs/spec/history/bugs.md
B332	docs/spec/history/bugs.md
B333	docs/spec/history/bugs.md
B334	docs/spec/history/bugs.md
B335	docs/spec/history/bugs.md
B336	docs/spec/history/bugs.md
B337	docs/spec/history/bugs.md
B338	docs/spec/history/bugs.md
B339	docs/spec/history/bugs.md
B340	docs/spec/history/bugs.md
B341	docs/spec/history/bugs.md
B342	docs/spec/history/bugs.md
B343	docs/spec/history/bugs.md
B344	docs/spec/history/bugs.md
B345	docs/spec/history/bugs.md
B346	docs/spec/history/bugs.md
B347	docs/spec/history/bugs.md
B348	docs/spec/history/bugs.md
B349	docs/spec/history/bugs.md
B350	docs/spec/history/bugs.md
B351	docs/spec/history/bugs.md
B352	docs/spec/history/bugs.md
B353	docs/spec/history/bugs.md
B354	docs/spec/history/bugs.md
B355	docs/spec/history/bugs.md
B356	docs/spec/history/bugs.md
B357	docs/spec/history/bugs.md
B358	docs/spec/history/bugs.md
B359	docs/spec/history/bugs.md
B360	docs/spec/history/bugs.md
B361	docs/spec/history/bugs.md
B362	docs/spec/history/bugs.md
B363	docs/spec/history/bugs.md
B364	docs/spec/history/bugs.md
B365	docs/spec/history/bugs.md
B366	docs/spec/history/bugs.md
B367	docs/spec/history/bugs.md
B368	docs/spec/history/bugs.md
B369	docs/spec/history/bugs.md
B370	docs/spec/history/bugs.md
B371	docs/spec/history/bugs.md
B372	docs/spec/history/bugs.md
B373	docs/spec/history/bugs.md
B374	docs/spec/history/bugs.md
B375	docs/spec/history/bugs.md
B376	docs/spec/history/bugs.md
B377	docs/spec/history/bugs.md
B378	docs/spec/history/bugs.md
B379	docs/spec/history/bugs.md
B380	docs/spec/history/bugs.md
B381	docs/spec/history/bugs.md
B382	docs/spec/history/bugs.md
B383	docs/spec/history/bugs.md
B384	docs/spec/history/bugs.md
B385	docs/spec/history/bugs.md
B386	docs/spec/history/bugs.md
B387	docs/spec/history/bugs.md
B388	docs/spec/history/bugs.md
B389	docs/spec/history/bugs.md
B390	docs/spec/history/bugs.md
B391	docs/spec/history/bugs.md
B392	docs/spec/history/bugs.md
B393	docs/spec/history/bugs.md
B394	docs/spec/history/bugs.md
B395	docs/spec/history/bugs.md
B396	docs/spec/history/bugs.md
B397	docs/spec/history/bugs.md
B398	docs/spec/history/bugs.md
B399	docs/spec/history/bugs.md
B400	docs/spec/history/bugs.md
B401	docs/spec/history/bugs.md
B402	docs/spec/history/bugs.md
B403	docs/spec/history/bugs.md
B404	docs/spec/history/bugs.md
B405	docs/spec/history/bugs.md
B406	docs/spec/history/bugs.md
B407	docs/spec/history/bugs.md
B408	docs/spec/history/bugs.md
B409	docs/spec/history/bugs.md
B410	docs/spec/history/bugs.md
B411	docs/spec/history/bugs.md
B412	docs/spec/history/bugs.md
B413	docs/spec/history/bugs.md
B414	docs/spec/history/bugs.md
B415	docs/spec/history/bugs.md
B416	docs/spec/history/bugs.md
B417	docs/spec/history/bugs.md
B418	docs/spec/history/bugs.md
B419	docs/spec/history/bugs.md
B420	docs/spec/history/bugs.md
B421	docs/spec/history/bugs.md
B422	docs/spec/history/bugs.md
B423	docs/spec/history/bugs.md
B424	docs/spec/history/bugs.md
B425	docs/spec/history/bugs.md
B426	docs/spec/history/bugs.md
B427	docs/spec/history/bugs.md
B428	docs/spec/history/bugs.md
B429	docs/spec/history/bugs.md
B430	docs/spec/history/bugs.md
B431	docs/spec/history/bugs.md
B432	docs/spec/history/bugs.md
B433	docs/spec/history/bugs.md
B434	docs/spec/history/bugs.md
B435	docs/spec/history/bugs.md
B436	docs/spec/history/bugs.md
B437	docs/spec/history/bugs.md
B438	docs/spec/history/bugs.md
B439	docs/spec/history/bugs.md
B440	docs/spec/history/bugs.md
B441	docs/spec/history/bugs.md
B442	docs/spec/history/bugs.md
B443	docs/spec/history/bugs.md
B444	docs/spec/history/bugs.md
B445	docs/spec/history/bugs.md
B446	docs/spec/history/bugs.md
B447	docs/spec/history/bugs.md
B448	docs/spec/history/bugs.md
B449	docs/spec/history/bugs.md
B450	docs/spec/history/bugs.md
B451	docs/spec/history/bugs.md
B452	docs/spec/history/bugs.md
B453	docs/spec/history/bugs.md
B454	docs/spec/history/bugs.md
B455	docs/spec/history/bugs.md
B456	docs/spec/history/bugs.md
B457	docs/spec/history/bugs.md
B458	docs/spec/history/bugs.md
B459	docs/spec/history/bugs.md
B460	docs/spec/history/bugs.md
B461	docs/spec/history/bugs.md
B462	docs/spec/history/bugs.md
B463	docs/spec/history/bugs.md
B464	docs/spec/history/bugs.md
B465	docs/spec/history/bugs.md
B466	docs/spec/history/bugs.md
B467	docs/spec/history/bugs.md
B468	docs/spec/history/bugs.md
B469	docs/spec/history/bugs.md
B470	docs/spec/history/bugs.md
B471	docs/spec/history/bugs.md
B472	docs/spec/history/bugs.md
B473	docs/spec/history/bugs.md
B474	docs/spec/history/bugs.md
B475	docs/spec/history/bugs.md
B476	docs/spec/history/bugs.md
B477	docs/spec/history/bugs.md
B478	docs/spec/history/bugs.md
B479	docs/spec/history/bugs.md
B480	docs/spec/history/bugs.md
B481	docs/spec/history/bugs.md
B482	docs/spec/history/bugs.md
B483	docs/spec/history/bugs.md
B484	docs/spec/history/bugs.md
B485	docs/spec/history/bugs.md
B486	docs/spec/history/bugs.md
B487	docs/spec/history/bugs.md
B488	docs/spec/history/bugs.md
B489	docs/spec/history/bugs.md
B490	docs/spec/history/bugs.md
B491	docs/spec/history/bugs.md
B492	docs/spec/history/bugs.md
B493	docs/spec/history/bugs.md
B494	docs/spec/history/bugs.md
B495	docs/spec/history/bugs.md
B496	docs/spec/history/bugs.md
B497	docs/spec/history/bugs.md
B498	docs/spec/history/bugs.md
B499	docs/spec/history/bugs.md
B500	docs/spec/history/bugs.md
B501	docs/spec/history/bugs.md
B502	docs/spec/history/bugs.md
B503	docs/spec/history/bugs.md
B504	docs/spec/history/bugs.md
B505	docs/spec/history/bugs.md
B506	docs/spec/history/bugs.md
B507	docs/spec/history/bugs.md
B508	docs/spec/history/bugs.md
B509	docs/spec/history/bugs.md
B510	docs/spec/history/bugs.md
B511	docs/spec/history/bugs.md
B512	docs/spec/history/bugs.md
B513	docs/spec/history/bugs.md
B514	docs/spec/history/bugs.md
B515	docs/spec/history/bugs.md
B516	docs/spec/history/bugs.md
B517	docs/spec/history/bugs.md
B518	docs/spec/history/bugs.md
B519	docs/spec/history/bugs.md
B520	docs/spec/history/bugs.md
B521	docs/spec/history/bugs.md
B522	docs/spec/history/bugs.md
B523	docs/spec/history/bugs.md
B524	docs/spec/history/bugs.md
B525	docs/spec/history/bugs.md
B526	docs/spec/history/bugs.md
B527	docs/spec/history/bugs.md
B528	docs/spec/history/bugs.md
B529	docs/spec/history/bugs.md
B530	docs/spec/history/bugs.md
B531	docs/spec/history/bugs.md
B532	docs/spec/history/bugs.md
B533	docs/spec/history/bugs.md
B534	docs/spec/history/bugs.md
B535	docs/spec/history/bugs.md
B536	docs/spec/history/bugs.md
B537	docs/spec/history/bugs.md
B538	docs/spec/history/bugs.md
B539	docs/spec/history/bugs.md
B540	docs/spec/history/bugs.md
B541	docs/spec/history/bugs.md
B542	docs/spec/history/bugs.md
B543	docs/spec/history/bugs.md
B544	docs/spec/history/bugs.md
B545	docs/spec/history/bugs.md
B546	docs/spec/history/bugs.md
B547	docs/spec/history/bugs.md
B548	docs/spec/history/bugs.md
B549	docs/spec/history/bugs.md
B550	docs/spec/history/bugs.md
B551	docs/spec/history/bugs.md
B552	docs/spec/history/bugs.md
B553	docs/spec/history/bugs.md
B554	docs/spec/history/bugs.md
B555	docs/spec/history/bugs.md
B556	docs/spec/history/bugs.md
B557	docs/spec/history/bugs.md
B558	docs/spec/history/bugs.md
B559	docs/spec/history/bugs.md
B560	docs/spec/history/bugs.md
B561	docs/spec/history/bugs.md
B562	docs/spec/history/bugs.md
B563	docs/spec/history/bugs.md
B564	docs/spec/history/bugs.md
B565	docs/spec/history/bugs.md
B566	docs/spec/history/bugs.md
B567	docs/spec/history/bugs.md
B568	docs/spec/history/bugs.md
B569	docs/spec/history/bugs.md
B570	docs/spec/history/bugs.md
B571	docs/spec/history/bugs.md
B572	docs/spec/history/bugs.md
B573	docs/spec/history/bugs.md
B574	docs/spec/history/bugs.md
B575	docs/spec/history/bugs.md
B576	docs/spec/history/bugs.md
B577	docs/spec/history/bugs.md
B578	docs/spec/history/bugs.md
B579	docs/spec/history/bugs.md
B580	docs/spec/history/bugs.md
B581	docs/spec/history/bugs.md
B582	docs/spec/history/bugs.md
B583	docs/spec/history/bugs.md
B584	docs/spec/history/bugs.md
B585	docs/spec/history/bugs.md
B586	docs/spec/history/bugs.md
B587	docs/spec/history/bugs.md
B588	docs/spec/history/bugs.md
B589	docs/spec/history/bugs.md
B590	docs/spec/history/bugs.md
B591	docs/spec/history/bugs.md
B592	docs/spec/history/bugs.md
B593	docs/spec/history/bugs.md
B594	docs/spec/history/bugs.md
B595	docs/spec/history/bugs.md
B596	docs/spec/history/bugs.md
B597	docs/spec/history/bugs.md
B598	docs/spec/history/bugs.md
B599	docs/spec/history/bugs.md
B600	docs/spec/history/bugs.md
B601	docs/spec/history/bugs.md
B602	docs/spec/history/bugs.md
B603	docs/spec/history/bugs.md
B604	docs/spec/history/bugs.md
B605	docs/spec/history/bugs.md
B606	docs/spec/history/bugs.md
B607	docs/spec/history/bugs.md
B608	docs/spec/history/bugs.md
B609	docs/spec/history/bugs.md
B610	docs/spec/history/bugs.md
B611	docs/spec/history/bugs.md
B612	docs/spec/history/bugs.md
B613	docs/spec/history/bugs.md
B614	docs/spec/history/bugs.md
B615	docs/spec/history/bugs.md
B616	docs/spec/history/bugs.md
B617	docs/spec/history/bugs.md
B618	docs/spec/history/bugs.md
B619	docs/spec/history/bugs.md
B620	docs/spec/history/bugs.md
B621	docs/spec/history/bugs.md
B622	docs/spec/history/bugs.md
B623	docs/spec/history/bugs.md
B624	docs/spec/history/bugs.md
B625	docs/spec/history/bugs.md
B626	docs/spec/history/bugs.md
B627	docs/spec/history/bugs.md
B628	docs/spec/history/bugs.md
B629	docs/spec/history/bugs.md
B630	docs/spec/history/bugs.md
B631	docs/spec/history/bugs.md
B632	docs/spec/history/bugs.md
B633	docs/spec/history/bugs.md
B634	docs/spec/history/bugs.md
B635	docs/spec/history/bugs.md
B636	docs/spec/history/bugs.md
B637	docs/spec/history/bugs.md
B638	docs/spec/history/bugs.md
B639	docs/spec/history/bugs.md
B640	docs/spec/history/bugs.md
B641	docs/spec/history/bugs.md
B642	docs/spec/history/bugs.md
B643	docs/spec/history/bugs.md
B644	docs/spec/history/bugs.md
B645	docs/spec/history/bugs.md
B646	docs/spec/history/bugs.md
B647	docs/spec/history/bugs.md
B648	docs/spec/history/bugs.md
B649	docs/spec/history/bugs.md
B650	docs/spec/history/bugs.md
B651	docs/spec/history/bugs.md
B652	docs/spec/history/bugs.md
B653	docs/spec/history/bugs.md
B654	docs/spec/history/bugs.md
B655	docs/spec/history/bugs.md
B656	docs/spec/history/bugs.md
B657	docs/spec/history/bugs.md
B658	docs/spec/history/bugs.md
B659	docs/spec/history/bugs.md
B660	docs/spec/history/bugs.md
B661	docs/spec/history/bugs.md
B662	docs/spec/history/bugs.md
B663	docs/spec/history/bugs.md
B664	docs/spec/history/bugs.md
B665	docs/spec/history/bugs.md
B666	docs/spec/history/bugs.md
B667	docs/spec/history/bugs.md
B668	docs/spec/history/bugs.md
B669	docs/spec/history/bugs.md
B670	docs/spec/history/bugs.md
B671	docs/spec/history/bugs.md
B672	docs/spec/history/bugs.md
B673	docs/spec/history/bugs.md
B674	docs/spec/history/bugs.md
B675	docs/spec/history/bugs.md
B676	docs/spec/history/bugs.md
B677	docs/spec/history/bugs.md
B678	docs/spec/history/bugs.md
B679	docs/spec/history/bugs.md
B680	docs/spec/history/bugs.md
B681	docs/spec/history/bugs.md
B682	docs/spec/history/bugs.md
